时间,时,分,秒,targetx,targety,原点海拔,曲线系数常数,曲线系数一次项, 车中心 x, 车中心 y,目标角度,衡偏,航偏,曲线系数二次项,航向角
15:58:52,7,58,51,2.321217698,-2.275672595,5.941822603,1.008413,-0.6410725,1.170378,-0.1321555,-20,0.04267512,-0.003064882,-0.3333333,0.09031392
15:58:52,7,58,51,2.321217698,-2.275672595,5.941822603,1.008413,-0.6410725,1.170378,-0.1321555,-20,0.04679986,-0.003064882,-0.3333333,0.09046466
15:58:52,7,58,51,2.333030569,-2.301572178,5.941822603,1.008413,-0.6410725,1.188821,-0.1343898,-20,0.05368996,-0.001488025,-0.3333333,0.09046466
15:58:52,7,58,51,2.333030569,-2.301572178,5.941822603,1.008413,-0.6410725,1.188821,-0.1343898,-20,0.05801932,-0.001488025,-0.3333333,0.09061139
15:58:52,7,58,51,2.348988786,-2.336708113,5.941822603,1.008413,-0.6410725,1.213595,-0.1382684,-20,0.06596969,0.000556617,-0.3333333,0.09061139
15:58:52,7,58,51,2.348988786,-2.336708113,5.941822603,1.008413,-0.6410725,1.213595,-0.1382684,-20,0.07128162,0.000556617,-0.3333333,0.09079915
15:58:52,7,58,51,2.36579664,-2.373898307,5.941822603,1.008413,-0.6410725,1.239516,-0.1448572,-20,0.07999239,0.002709117,-0.3333333,0.09079915
15:58:52,7,58,51,2.36579664,-2.373898307,5.941822603,1.008413,-0.6410725,1.239516,-0.1448572,-20,0.08336318,0.002709117,-0.3333333,0.09096134
15:58:52,7,58,51,2.383460117,-2.413184672,5.941822603,1.008413,-0.6410725,1.266573,-0.1538107,-20,0.01992157,0.004899168,-0.3333333,0.09096134
15:58:52,7,58,52,2.383460117,-2.413184672,5.941822603,1.008413,-0.6410725,1.266573,-0.1538107,-20,0.005791379,0.004899168,-0.3333333,0.09112632
15:58:52,7,58,52,2.403798582,-2.458678267,5.941822603,1.008413,-0.6410725,1.297501,-0.1609903,-20,0.007533195,0.007354203,-0.3333333,0.09112632
15:58:52,7,58,52,2.403798582,-2.458678267,5.941822603,1.008413,-0.6410725,1.297501,-0.1609903,-20,0.008240715,0.007354203,-0.3333333,0.09135934
15:58:52,7,58,52,2.429248651,-2.515994067,5.941822603,1.008413,-0.6410725,1.335873,-0.1656218,-20,0.01542881,0.01038771,-0.3333333,0.09135934
15:58:52,7,58,52,2.429248651,-2.515994067,5.941822603,1.008413,-0.6410725,1.335873,-0.1656218,-20,0.02069036,0.01038771,-0.3333333,0.09155841
15:58:52,7,58,52,2.457799405,-2.580806807,5.941822603,1.008413,-0.6410725,1.378504,-0.1703194,-20,0.03190367,0.01364609,-0.3333333,0.09155841
15:58:52,7,58,52,2.457799405,-2.580806807,5.941822603,1.008413,-0.6410725,1.378504,-0.1703194,-20,0.03986,0.01364609,-0.3333333,0.09166721
15:58:52,7,58,52,2.485466958,-2.644133075,5.941822603,1.008413,-0.6410725,1.419414,-0.1721755,-20,0.05279428,0.01664081,-0.3333333,0.09166721
15:58:52,7,58,52,3.166348061,6.466590369,5.941822603,2.805134,-4.634087,1.419414,-0.1721755,20,0.06382707,-0.03683256,1.828748,0.09217614
15:58:52,7,58,52,3.090757825,5.951927978,5.941822603,2.805134,-4.634087,1.461761,-0.1763459,20,0.07736038,-0.03873632,1.828748,0.09217614
15:58:52,7,58,52,3.090757825,5.951927978,5.941822603,2.805134,-4.634087,1.461761,-0.1763459,20,0.08822792,-0.03873632,1.828748,0.09281836
15:58:53,7,58,52,3.011537263,5.434976343,5.941822603,2.805134,-4.634087,1.506166,-0.1833591,20,0.06480505,-0.04052756,1.828748,0.09281836
15:58:53,7,58,52,3.011537263,5.434976343,5.941822603,2.805134,-4.634087,1.506166,-0.1833591,20,0.007191243,-0.04052756,1.828748,0.09330225
15:58:53,7,58,52,2.927569759,4.912107068,5.941822603,2.805134,-4.634087,1.557956,-0.1888528,20,4.98E-05,-0.04276435,1.828748,0.09330225
15:58:53,7,58,52,2.927569759,4.912107068,5.941822603,2.805134,-4.634087,1.557956,-0.1888528,20,0.003275249,-0.04276435,1.828748,0.09408748
15:58:53,7,58,52,2.859795947,4.508883625,5.941822603,2.805134,-4.634087,1.607451,-0.1898946,20,0.000384484,-0.04446824,1.828748,0.09408748
15:58:53,7,58,52,2.859795947,4.508883625,5.941822603,2.805134,-4.634087,1.607451,-0.1898946,20,0.00162691,-0.04446824,1.828748,0.09502891
15:58:53,7,58,52,2.809043922,4.217932791,5.941822603,2.805134,-4.634087,1.652997,-0.188198,20,0.006530984,-0.04572739,1.828748,0.09502891
15:58:53,7,58,52,2.809043922,4.217932791,5.941822603,2.805134,-4.634087,1.652997,-0.188198,20,0.01062616,-0.04572739,1.828748,0.09592067
15:58:53,7,58,52,2.773013852,4.017097938,5.941822603,2.805134,-4.634087,1.693344,-0.1852438,20,0.0189682,-0.04671675,1.828748,0.09592067
15:58:53,7,58,53,2.773013852,4.017097938,5.941822603,2.805134,-4.634087,1.693344,-0.1852438,20,0.02357545,-0.04671675,1.828748,0.09703734
15:58:53,7,58,53,2.751926194,3.901756121,5.941822603,2.805134,-4.634087,1.722335,-0.1802067,20,0.03070218,-0.04691422,1.828748,0.09703734
15:58:53,7,58,53,2.751926194,3.901756121,5.941822603,2.805134,-4.634087,1.722335,-0.1802067,20,0.03713663,-0.04691422,1.828748,0.0981998
15:58:53,7,58,53,3.432355033,3.810540848,5.941822603,1.835969,-2.750386,1.753222,-0.1788837,20,0.04543011,-0.04870746,0.9689173,0.0981998
15:58:53,7,58,53,3.432355033,3.810540848,5.941822603,1.835969,-2.750386,1.753222,-0.1788837,20,0.05166453,-0.04870746,0.9689173,0.0990399
15:58:53,7,58,53,3.417931192,3.754475742,5.941822603,1.835969,-2.750386,1.782712,-0.1840211,20,0.05946857,-0.05049924,0.9689173,0.0990399
15:58:53,7,58,53,3.417931192,3.754475742,5.941822603,1.835969,-2.750386,1.782712,-0.1840211,20,0.06471586,-0.05049924,0.9689173,0.09955296
15:58:53,7,58,53,3.404225089,3.701574036,5.941822603,1.835969,-2.750386,1.810675,-0.1910689,20,0.07100224,-0.05242443,0.9689173,0.09955296
15:58:53,7,58,53,3.404225089,3.701574036,5.941822603,1.835969,-2.750386,1.810675,-0.1910689,20,0.0748636,-0.05242443,0.9689173,0.1000631
15:58:53,7,58,53,3.394957211,3.666008933,5.941822603,1.835969,-2.750386,1.82988,-0.1973705,20,0.08058269,-0.05355761,0.9689173,0.1000631
15:58:53,7,58,53,3.394957211,3.666008933,5.941822603,1.835969,-2.750386,1.82988,-0.1973705,20,0.08296338,-0.05355761,0.9689173,0.1003875
15:58:54,7,58,53,3.386352261,3.633136805,5.941822603,1.835969,-2.750386,1.848122,-0.2003537,20,0.08740857,-0.05477108,0.9689173,0.1003875
15:58:54,7,58,53,3.386352261,3.633136805,5.941822603,1.835969,-2.750386,1.848122,-0.2003537,20,0.0892569,-0.05477108,0.9689173,0.1005955
15:58:54,7,58,53,3.380074059,3.609243717,5.941822603,1.835969,-2.750386,1.861779,-0.2003442,20,0.09258517,0.05396215,0.9689173,0.1005955
15:58:54,7,58,53,3.380074059,3.609243717,5.941822603,1.835969,-2.750386,1.861779,-0.2003442,20,0.09384719,0.05396215,0.9689173,0.1007616
15:58:54,7,58,53,3.376141598,3.59431677,5.941822603,1.835969,-2.750386,1.87052,-0.1997388,20,0.09448102,0.05340702,0.9689173,0.1007616
15:58:54,7,58,53,3.376141598,3.59431677,5.941822603,1.835969,-2.750386,1.87052,-0.1997388,20,0.09490463,0.05340702,0.9689173,0.1007992
15:58:54,7,58,53,3.373593808,3.584661795,5.941822603,1.835969,-2.750386,1.876272,-0.1995211,20,0.09384719,0.05297266,0.9689173,0.1007992
15:58:54,7,58,53,3.373593808,3.584661795,5.941822603,1.835969,-2.750386,1.876272,-0.1995211,20,0.09395269,0.05297266,0.9689173,0.100888
15:58:54,7,58,53,3.372457249,3.580358805,5.941822603,1.835969,-2.750386,1.878862,-0.2003932,20,0.093005,0.05284962,0.9689173,0.100888
15:58:54,7,58,54,3.372457249,3.580358805,5.941822603,1.835969,-2.750386,1.878862,-0.2003932,20,0.09248035,0.05284962,0.9689173,0.1008036
15:58:54,7,58,54,3.373564481,3.584550733,5.941822603,1.835969,-2.750386,1.876339,-0.2028923,20,0.09185249,0.05297159,0.9689173,0.1008036
15:58:54,7,58,54,3.373564481,3.584550733,5.941822603,1.835969,-2.750386,1.876339,-0.2028923,20,0.09164362,0.05297159,0.9689173,0.1007937
15:58:54,7,58,54,3.375532024,3.592005616,5.941822603,1.835969,-2.750386,1.87189,-0.2046001,20,0.09122653,0.05332659,0.9689173,0.1007937
15:58:54,7,58,54,3.375532024,3.592005616,5.941822603,1.835969,-2.750386,1.87189,-0.2046001,20,0.0910183,0.05332659,0.9689173,0.1009004
15:58:54,7,58,54,3.375124996,3.590462798,5.941822603,1.835969,-2.750386,1.872807,-0.2032783,20,0.09112239,0.05335788,0.9689173,0.1009004
15:58:54,7,58,54,3.375124996,3.590462798,5.941822603,1.835969,-2.750386,1.872807,-0.2032783,20,0.09081028,0.05335788,0.9689173,0.1009616
15:58:54,7,58,54,3.373742241,3.585223945,5.941822603,1.835969,-2.750386,1.875935,-0.2036727,20,0.08977337,0.05316267,0.9689173,0.1009616
15:58:54,7,58,54,3.373742241,3.585223945,5.941822603,1.835969,-2.750386,1.875935,-0.2036727,20,0.08977337,0.05316267,0.9689173,0.1009181
15:58:54,7,58,54,3.373115329,3.58284998,5.941822603,1.835969,-2.750386,1.87736,-0.2036454,20,0.09018749,0.05300248,0.9689173,0.1009181
15:58:54,7,58,54,3.373115329,3.58284998,5.941822603,1.835969,-2.750386,1.87736,-0.2036454,20,0.09018749,0.05300248,0.9689173,0.1008664
15:58:55,7,58,54,3.373986921,3.586150696,5.941822603,1.835969,-2.750386,1.87538,-0.2048917,20,0.08987682,0.05311301,0.9689173,0.1008664
15:58:55,7,58,54,3.373986921,3.586150696,5.941822603,1.835969,-2.750386,1.87538,-0.2048917,20,0.09049865,0.05311301,0.9689173,0.100907
15:58:55,7,58,54,3.374675787,3.588760472,5.941822603,1.835969,-2.750386,1.87382,-0.2052835,20,0.09008387,0.05328132,0.9689173,0.100907
15:58:55,7,58,54,3.374675787,3.588760472,5.941822603,1.835969,-2.750386,1.87382,-0.2052835,20,0.09029116,0.05328132,0.9689173,0.1008612
15:58:55,7,58,54,3.37434817,3.587519176,5.941822603,1.835969,-2.750386,1.874561,-0.2056441,20,0.04611258,0.05317479,0.9689173,0.1008612
15:58:55,7,58,54,3.37434817,3.587519176,5.941822603,1.835969,-2.750386,1.874561,-0.2056441,20,1.17E-05,0.05317479,0.9689173,0.1008748
15:58:55,7,58,54,3.865412924,1.619261658,5.941822603,1.053452,-1.334386,1.87591,-0.2060948,20,0.000232356,-0.04375305,0.3830804,0.1008748
15:58:55,7,58,54,3.865412924,1.619261658,5.941822603,1.053452,-1.334386,1.87591,-0.2060948,20,0.003726177,-0.04375305,0.3830804,0.1009277
15:58:55,7,58,54,3.865933101,1.620108163,5.941822603,1.053452,-1.334386,1.876526,-0.195439,20,1.60E-07,-0.04382862,0.3830804,0.1009277
15:58:55,7,58,55,3.865933101,1.620108163,5.941822603,1.053452,-1.334386,1.876526,-0.195439,20,-2.24E-07,-0.04382862,0.3830804,0.1008981
15:58:55,7,58,55,3.869113146,1.625287688,5.941822603,1.053452,-1.334386,1.880303,-0.1955506,20,0.000232356,-0.04464441,0.3830804,0.1008981
15:58:55,7,58,55,3.869113146,1.625287688,5.941822603,1.053452,-1.334386,1.880303,-0.1955506,20,-3.83E-07,-0.04464441,0.3830804,0.1007796
15:58:55,7,58,55,3.87729267,1.63864575,5.941822603,1.053452,-1.334386,1.890105,-0.1979493,20,1.11E-06,-0.04679418,0.3830804,0.1007796
15:58:55,7,58,55,3.87729267,1.63864575,5.941822603,1.053452,-1.334386,1.890105,-0.1979493,20,7.62E-07,-0.04679418,0.3830804,0.1007471
15:58:55,7,58,55,3.891086153,1.661288127,5.941822603,1.053452,-1.334386,1.906931,-0.1998433,20,2.04E-05,-0.05028212,0.3830804,0.1007471
15:58:55,7,58,55,3.891086153,1.661288127,5.941822603,1.053452,-1.334386,1.906931,-0.1998433,20,0.000646566,-0.05028212,0.3830804,0.1007418
15:58:55,7,58,55,3.91079258,1.69388966,5.941822603,1.053452,-1.334386,1.931652,-0.2026252,20,0.0025881,0.05436882,0.3830804,0.1007418
15:58:55,7,58,55,3.91079258,1.69388966,5.941822603,1.053452,-1.334386,1.931652,-0.2026252,20,0.005464913,0.05436882,0.3830804,0.100792
15:58:55,7,58,55,3.932356476,1.729905038,5.941822603,1.053452,-1.334386,1.959692,-0.2077996,20,0.01070085,0.04884096,0.3830804,0.100792
15:58:56,7,58,55,3.932356476,1.729905038,5.941822603,1.053452,-1.334386,1.959692,-0.2077996,20,0.01588002,0.04884096,0.3830804,0.1006004
15:58:56,7,58,55,3.95572978,1.769344797,5.941822603,1.053452,-1.334386,1.991355,-0.215209,20,0.02335546,0.04247534,0.3830804,0.1006004
15:58:56,7,58,55,3.95572978,1.769344797,5.941822603,1.053452,-1.334386,1.991355,-0.215209,20,0.0303897,0.04247534,0.3830804,0.1001499
15:58:56,7,58,55,4.02286599,1.228640304,5.941822603,0.9375914,-1.126548,2.029765,-0.2224667,20,0.04304263,-0.0380439,0.2980205,0.1001499
15:58:56,7,58,55,4.02286599,1.228640304,5.941822603,0.9375914,-1.126548,2.029765,-0.2224667,20,0.05174485,-0.0380439,0.2980205,0.09958892
15:58:56,7,58,55,4.063082032,1.280246757,5.941822603,0.9375914,-1.126548,2.075143,-0.2345797,20,0.06759802,-0.04876872,0.2980205,0.09958892
15:58:56,7,58,55,4.063082032,1.280246757,5.941822603,0.9375914,-1.126548,2.075143,-0.2345797,20,0.07765086,-0.04876872,0.2980205,0.0987616
15:58:56,7,58,55,4.105076367,1.335164048,5.941822603,0.9375914,-1.126548,2.124288,-0.2475118,20,0.0955416,0.04935409,0.2980205,0.0987616
15:58:56,7,58,55,4.105076367,1.335164048,5.941822603,0.9375914,-1.126548,2.124288,-0.2475118,20,0.1064314,0.04935409,0.2980205,0.09758754
15:58:56,7,58,55,4.150690641,1.396006194,5.941822603,0.9375914,-1.126548,2.179882,-0.2576163,20,0.07109531,0.03641998,0.2980205,0.09758754
15:58:56,7,58,56,4.150690641,1.396006194,5.941822603,0.9375914,-1.126548,2.179882,-0.2576163,20,0.002096411,0.03641998,0.2980205,0.09677395
15:58:56,7,58,56,4.190020635,1.44946176,5.941822603,0.9375914,-1.126548,2.229812,-0.2633564,20,0.004890849,0.02535654,0.2980205,0.09677395
15:58:56,7,58,56,4.190020635,1.44946176,5.941822603,0.9375914,-1.126548,2.229812,-0.2633564,20,0.002931431,0.02535654,0.2980205,0.09583759
15:58:56,7,58,56,4.231030171,1.506181969,5.941822603,0.9375914,-1.126548,2.283981,-0.2669972,20,0.01115443,0.01362192,0.2980205,0.09583759
15:58:56,7,58,56,4.231030171,1.506181969,5.941822603,0.9375914,-1.126548,2.283981,-0.2669972,20,0.01680158,0.01362192,0.2980205,0.09493317
15:58:56,7,58,56,4.262060412,1.549766033,5.941822603,0.9375914,-1.126548,2.326475,-0.2717844,20,0.02752791,0.004473162,0.2980205,0.09493317
15:58:56,7,58,56,4.262060412,1.549766033,5.941822603,0.9375914,-1.126548,2.326475,-0.2717844,20,0.03570841,0.004473162,0.2980205,0.09379987
15:58:56,7,58,56,4.341320094,1.222015614,5.941822603,0.8498892,-0.9832563,2.375202,-0.2821637,20,0.04904706,-0.002724364,0.2462324,0.09379987
15:58:56,7,58,56,4.341320094,1.222015614,5.941822603,0.8498892,-0.9832563,2.375202,-0.2821637,20,0.05827386,-0.002724364,0.2462324,0.09278386
15:58:56,7,58,56,4.374910428,1.261079898,5.941822603,0.8498892,-0.9832563,2.41631,-0.287367,20,0.07053774,-0.01219,0.2462324,0.09278386
15:58:56,7,58,56,4.374910428,1.261079898,5.941822603,0.8498892,-0.9832563,2.41631,-0.287367,20,0.07823329,-0.01219,0.2462324,0.09191728
15:58:57,7,58,56,4.408732257,1.300974811,5.941822603,0.8498892,-0.9832563,2.458562,-0.2897435,20,0.08894765,-0.02156753,0.2462324,0.09191728
15:58:57,7,58,56,4.408732257,1.300974811,5.941822603,0.8498892,-0.9832563,2.458562,-0.2897435,20,0.09660737,-0.02156753,0.2462324,0.09105854
15:58:57,7,58,56,4.435098036,1.332465603,5.941822603,0.8498892,-0.9832563,2.49211,-0.2898809,20,0.08316317,-0.02906113,0.2462324,0.09105854
15:58:57,7,58,56,4.435098036,1.332465603,5.941822603,0.8498892,-0.9832563,2.49211,-0.2898809,20,0.01432876,-0.02906113,0.2462324,0.09023802
15:58:57,7,58,56,4.4578273,1.35988778,5.941822603,0.8498892,-0.9832563,2.521466,-0.2938994,20,6.94E-05,-0.03560011,0.2462324,0.09023802
15:58:57,7,58,56,4.4578273,1.35988778,5.941822603,0.8498892,-0.9832563,2.521466,-0.2938994,20,0.000398881,-0.03560011,0.2462324,0.08910192
15:58:57,7,58,56,4.479693129,1.386508351,5.941822603,0.8498892,-0.9832563,2.55009,-0.2975322,20,0.000772369,-0.04223485,0.2462324,0.08910192
15:58:57,7,58,56,4.479693129,1.386508351,5.941822603,0.8498892,-0.9832563,2.55009,-0.2975322,20,0.001320325,-0.04223485,0.2462324,0.08788352
15:58:57,7,58,56,4.497200225,1.407992108,5.941822603,0.8498892,-0.9832563,2.57328,-0.307409,20,0.003275249,-0.04785299,0.2462324,0.08788352
15:58:57,7,58,56,4.497200225,1.407992108,5.941822603,0.8498892,-0.9832563,2.57328,-0.307409,20,0.004420562,-0.04785299,0.2462324,0.08788352
15:58:57,7,58,57,4.513038443,1.427557951,5.941822603,0.8498892,-0.9832563,2.594469,-0.315746,20,0.007470436,-0.05299542,0.2462324,0.08671852
15:58:57,7,58,57,4.513038443,1.427557951,5.941822603,0.8498892,-0.9832563,2.594469,-0.315746,20,0.00908288,-0.05299542,0.2462324,0.08591411
15:58:57,7,58,57,4.526156207,1.443856593,5.941822603,0.8498892,-0.9832563,2.612168,-0.3182837,20,0.01244966,0.05257072,0.2462324,0.08591411
15:58:57,7,58,57,4.526156207,1.443856593,5.941822603,0.8498892,-0.9832563,2.612168,-0.3182837,20,0.01424249,0.05257072,0.2462324,0.08505404
15:58:57,7,58,57,4.537837078,1.458441242,5.941822603,0.8498892,-0.9832563,2.628043,-0.3192049,20,0.01837786,0.04878177,0.2462324,0.08505404
15:58:57,7,58,57,4.537837078,1.458441242,5.941822603,0.8498892,-0.9832563,2.628043,-0.3192049,20,0.02152607,0.04878177,0.2462324,0.08433139
15:58:57,7,58,57,4.548767241,1.472149416,5.941822603,0.8498892,-0.9832563,2.642995,-0.31848,20,0.0254859,0.04532066,0.2462324,0.08433139
15:58:57,7,58,57,4.548767241,1.472149416,5.941822603,0.8498892,-0.9832563,2.642995,-0.31848,20,0.02818542,0.04532066,0.2462324,0.08364057
15:58:57,7,58,57,4.561152138,1.48775316,5.941822603,0.8498892,-0.9832563,2.66005,-0.3206104,20,0.034241,0.04152992,0.2462324,0.08364057
15:58:57,7,58,57,4.561152138,1.48775316,5.941822603,0.8498892,-0.9832563,2.66005,-0.3206104,20,0.03796478,0.04152992,0.2462324,0.08291339
15:58:58,7,58,57,4.576846318,1.507634782,5.941822603,0.8498892,-0.9832563,2.681835,-0.3177759,20,0.04467747,0.03687951,0.2462324,0.08291339
15:58:58,7,58,57,4.576846318,1.507634782,5.941822603,0.8498892,-0.9832563,2.681835,-0.3177759,20,0.05038746,0.03687951,0.2462324,0.08227197
15:58:58,7,58,57,4.689835583,-0.588530553,5.941822603,-0.08266004,0.0726409,2.70803,-0.3238107,-7.19702,0.05818896,0.0353323,-0.03848881,0.08227197
15:58:58,7,58,57,4.689835583,-0.588530553,5.941822603,-0.08266004,0.0726409,2.70803,-0.3238107,-7.19702,0.06400438,0.0353323,-0.03848881,0.0816448
15:58:58,7,58,57,4.717802795,-0.596625604,5.941822603,-0.08266004,0.0726409,2.736583,-0.3295939,-7.453122,0.0734401,0.03673159,-0.03848881,0.0816448
15:58:58,7,58,57,4.717802795,-0.596625604,5.941822603,-0.08266004,0.0726409,2.736583,-0.3295939,-7.453122,0.07969798,0.03673159,-0.03848881,0.08094825
15:58:58,7,58,57,4.746006934,-0.60485021,5.941822603,-0.08266004,0.0726409,2.765387,-0.3347905,-7.768445,0.0867963,0.03807689,-0.03848881,0.08094825
15:58:58,7,58,57,4.746006934,-0.60485021,5.941822603,-0.08266004,0.0726409,2.765387,-0.3347905,-7.768445,0.08567879,0.03807689,-0.03848881,0.08010176
15:58:58,7,58,57,4.776756934,-0.613886988,5.941822603,-0.08266004,0.0726409,2.796801,-0.3393423,-8.205688,0.002606615,0.03945451,-0.03848881,0.08010176
15:58:58,7,58,57,4.776756934,-0.613886988,5.941822603,-0.08266004,0.0726409,2.796801,-0.3393423,-8.205688,-2.33E-06,0.03945451,-0.03848881,0.08010176
15:58:58,7,58,58,4.814449166,-0.625063233,5.941822603,-0.08266004,0.0726409,2.835322,-0.3439873,-8.770443,0.002335803,0.04143277,-0.03848881,0.07935674
15:58:58,7,58,58,4.814449166,-0.625063233,5.941822603,-0.08266004,0.0726409,2.835322,-0.3439873,-8.770443,0.000138941,0.04143277,-0.03848881,0.07843675
15:58:58,7,58,58,4.856508122,-0.637663371,5.941822603,-0.08266004,0.0726409,2.878325,-0.3490483,-9.427975,0.00295113,0.04354765,-0.03848881,0.07843675
15:58:58,7,58,58,4.856508122,-0.637663371,5.941822603,-0.08266004,0.0726409,2.878325,-0.3490483,-9.427975,0.00632752,0.04354765,-0.03848881,0.07744659
15:58:58,7,58,58,4.900522768,-0.650995214,5.941822603,-0.08266004,0.0726409,2.923349,-0.3516902,-10.30655,0.01326876,0.04572908,-0.03848881,0.07744659
15:58:58,7,58,58,4.900522768,-0.650995214,5.941822603,-0.08266004,0.0726409,2.923349,-0.3516902,-10.30655,0.02058703,0.04572908,-0.03848881,0.07655443
15:58:58,7,58,58,4.951890026,-0.666742708,5.941822603,-0.08266004,0.0726409,2.975923,-0.3552221,-11.2705,0.03312736,0.04853249,-0.03848881,0.07655443
15:58:58,7,58,58,4.951890026,-0.666742708,5.941822603,-0.08266004,0.0726409,2.975923,-0.3552221,-11.2705,0.04326386,0.04853249,-0.03848881,0.07556867
15:58:58,7,58,58,4.994178915,-0.745548682,5.941822603,-0.1007496,0.0950718,3.024611,-0.3556292,-16.58422,0.05801932,-0.02104898,-0.04488865,0.07556867
15:58:59,7,58,58,4.994178915,-0.745548682,5.941822603,-0.1007496,0.0950718,3.024611,-0.3556292,-16.58422,0.06347316,-0.02104898,-0.04488865,0.07455374
15:58:59,7,58,58,5.04874214,-0.764959076,5.941822603,-0.1007496,0.0950718,3.0809,-0.3634132,-17.46743,0.004324567,-0.01758613,-0.04488865,0.07455374
15:58:59,7,58,58,5.04874214,-0.764959076,5.941822603,-0.1007496,0.0950718,3.0809,-0.3634132,-17.46743,-9.65E-07,-0.01758613,-0.04488865,0.073342
15:58:59,7,58,58,5.106256568,-0.785708691,5.941822603,-0.1007496,0.0950718,3.140283,-0.3749085,-18.22478,0.001854246,-0.0140896,-0.04488865,0.073342
15:58:59,7,58,58,5.106256568,-0.785708691,5.941822603,-0.1007496,0.0950718,3.140283,-0.3749085,-18.22478,0.006298714,-0.0140896,-0.04488865,0.07183331
15:58:59,7,58,58,5.170712646,-0.809315564,5.941822603,-0.1007496,0.0950718,3.206892,-0.3828542,-19.39884,0.01741427,-0.01033634,-0.04488865,0.07183331
15:58:59,7,58,58,5.170712646,-0.809315564,5.941822603,-0.1007496,0.0950718,3.206892,-0.3828542,-19.39884,0.02652654,-0.01033634,-0.04488865,0.07056072
15:58:59,7,58,58,5.23828877,-0.752463319,5.941822603,-0.01110844,0.02384065,3.270846,-0.3891253,-15.6134,0.04363377,0.04121998,-0.03156886,0.07056072
15:58:59,7,58,58,5.23828877,-0.752463319,5.941822603,-0.01110844,0.02384065,3.270846,-0.3891253,-15.6134,0.05608508,0.04121998,-0.03156886,0.06886828
15:58:59,7,58,58,5.310360875,-0.774745722,5.941822603,-0.01110844,0.02384065,3.344555,-0.3952742,-16.88225,0.0747683,0.04377026,-0.03156886,0.06886828
15:58:59,7,58,59,5.310360875,-0.774745722,5.941822603,-0.01110844,0.02384065,3.344555,-0.3952742,-16.88225,0.05921161,0.04377026,-0.03156886,0.06705627
15:58:59,7,58,59,5.379701775,-0.796493278,5.941822603,-0.01110844,0.02384065,3.415507,-0.40582,-17.8417,4.77E-08,0.04603165,-0.03156886,0.06705627
15:58:59,7,58,59,5.379701775,-0.796493278,5.941822603,-0.01110844,0.02384065,3.415507,-0.40582,-17.8417,0.004159101,0.04603165,-0.03156886,0.0651316
15:58:59,7,58,59,5.449242469,-0.818608385,5.941822603,-0.01110844,0.02384065,3.486698,-0.413712,-18.98555,0.008306595,0.04818352,-0.03156886,0.0651316
15:58:59,7,58,59,5.449242469,-0.818608385,5.941822603,-0.01110844,0.02384065,3.486698,-0.413712,-18.98555,0.0155635,0.04818352,-0.03156886,0.063108
15:58:59,7,58,59,5.523341451,-0.842509109,5.941822603,-0.01110844,0.02384065,3.562593,-0.419677,-20,0.03089041,0.05049408,-0.03156886,0.063108
15:58:59,7,58,59,5.523341451,-0.842509109,5.941822603,-0.01110844,0.02384065,3.562593,-0.419677,-20,0.04445283,0.05049408,-0.03156886,0.06123007
15:58:59,7,58,59,5.602663394,-0.868478688,5.941822603,-0.01110844,0.02384065,3.643882,-0.430397,-20,0.01070085,0.05324469,-0.03156886,0.06123007
15:58:59,7,58,59,5.602663394,-0.868478688,5.941822603,-0.01110844,0.02384065,3.643882,-0.430397,-20,-2.92E-06,0.05324469,-0.03156886,0.05931872
15:58:59,7,58,59,5.678541451,-0.89369252,5.941822603,-0.01110844,0.02384065,3.721684,-0.4337123,-20,0.003192642,-0.05391229,-0.03156886,0.05931872
15:59:00,7,58,59,5.678541451,-0.89369252,5.941822603,-0.01110844,0.02384065,3.721684,-0.4337123,-20,0.004396465,-0.05391229,-0.03156886,0.05758673
15:59:00,7,58,59,5.768601955,-0.809599483,5.941822603,0.01043746,-0.004779895,3.802282,-0.4379578,-17.84613,0.01165629,0.002660481,-0.02381432,0.05758673
15:59:00,7,58,59,5.768601955,-0.809599483,5.941822603,0.01043746,-0.004779895,3.802282,-0.4379578,-17.84613,0.01480785,0.002660481,-0.02381432,0.05588218
15:59:00,7,58,59,5.846626361,-0.831554667,5.941822603,0.01043746,-0.004779895,3.881654,-0.440117,-19.2947,-1.81E-06,0.004455985,-0.02381432,0.05588218
15:59:00,7,58,59,5.846626361,-0.831554667,5.941822603,0.01043746,-0.004779895,3.881654,-0.440117,-19.2947,-1.81E-06,0.004455985,-0.02381432,0.05403874
15:59:00,7,58,59,5.920284421,-0.852547279,5.941822603,0.01043746,-0.004779895,3.956607,-0.4421855,-20,4.78E-07,0.005911303,-0.02381432,0.05403874
15:59:00,7,58,59,5.920284421,-0.852547279,5.941822603,0.01043746,-0.004779895,3.956607,-0.4421855,-20,0.000752288,0.005911303,-0.02381432,0.05247426
15:59:00,7,58,59,5.98361188,-0.870802248,5.941822603,0.01043746,-0.004779895,4.021066,-0.4447252,-20,1.11E-06,0.007178667,-0.02381432,0.05247426
15:59:00,7,58,59,5.98361188,-0.870802248,5.941822603,0.01043746,-0.004779895,4.021066,-0.4447252,-20,3.18E-06,0.007178667,-0.02381432,0.0508765
15:59:00,7,58,59,6.040740528,-0.887434207,5.941822603,0.01043746,-0.004779895,4.079228,-0.4432404,-20,5.51E-05,0.008132179,-0.02381432,0.0508765
15:59:00,7,59,0,6.001189199,-1.223048569,5.941822603,-0.2479965,0.1862885,4.079228,-0.4432404,-20,-0.000564284,-0.01766999,-0.05811598,0.04944758
15:59:00,7,59,0,6.056651865,-1.251582154,5.941822603,-0.2479965,0.1862885,4.138227,-0.446189,-20,-0.003439356,-0.01371756,-0.05811598,0.04944758
15:59:00,7,59,0,6.056651865,-1.251582154,5.941822603,-0.2479965,0.1862885,4.138227,-0.446189,-20,-0.005980552,-0.01371756,-0.05811598,0.04817845
15:59:00,7,59,0,6.108134742,-1.278388257,5.941822603,-0.2479965,0.1862885,4.193051,-0.4423669,-20,-4.30E-06,-0.0100132,-0.05811598,0.04817845
15:59:00,7,59,0,6.108134742,-1.278388257,5.941822603,-0.2479965,0.1862885,4.193051,-0.4423669,-20,-3.58E-06,-0.0100132,-0.05811598,0.04696858
15:59:00,7,59,0,6.153329692,-1.302174292,5.941822603,-0.2479965,0.1862885,4.241227,-0.4442346,-20,-0.001066948,-0.006874468,-0.05811598,0.04696858
15:59:00,7,59,0,6.153329692,-1.302174292,5.941822603,-0.2479965,0.1862885,4.241227,-0.4442346,-20,-4.30E-06,-0.006874468,-0.05811598,0.0458402
15:59:00,7,59,0,6.195455046,-1.324558576,5.941822603,-0.2479965,0.1862885,4.28617,-0.446293,-20,-0.000117537,-0.003964332,-0.05811598,0.0458402
15:59:00,7,59,0,6.195455046,-1.324558576,5.941822603,-0.2479965,0.1862885,4.28617,-0.446293,-20,-3.58E-06,-0.003964332,-0.05811598,0.04459117
15:59:00,7,59,0,6.233435014,-1.344916925,5.941822603,-0.2479965,0.1862885,4.326722,-0.4502809,-20,1.11E-06,-0.001584564,-0.05811598,0.04459117
15:59:01,7,59,0,6.233435014,-1.344916925,5.941822603,-0.2479965,0.1862885,4.326722,-0.4502809,-20,7.62E-07,-0.001584564,-0.05811598,0.0434853
15:59:01,7,59,0,6.270274419,-1.364824085,5.941822603,-0.2479965,0.1862885,4.366085,-0.458017,-20,7.62E-07,0.00081814,-0.05811598,0.0434853
15:59:01,7,59,0,6.270274419,-1.364824085,5.941822603,-0.2479965,0.1862885,4.366085,-0.458017,-20,1.53E-06,0.00081814,-0.05811598,0.04249753
15:59:01,7,59,0,6.303114291,-1.382702975,5.941822603,-0.2479965,0.1862885,4.401198,-0.4622305,-20,2.59E-07,0.002948702,-0.05811598,0.04249753
15:59:01,7,59,0,6.303114291,-1.382702975,5.941822603,-0.2479965,0.1862885,4.401198,-0.4622305,-20,-3.05E-06,0.002948702,-0.05811598,0.04184266
15:59:01,7,59,0,6.386632433,-0.952034812,5.941822603,0.2400614,-0.1232308,4.429804,-0.4640004,-20,-0.000564284,-0.04128441,-0.009930749,0.04184266
15:59:01,7,59,0,6.386632433,-0.952034812,5.941822603,0.2400614,-0.1232308,4.429804,-0.4640004,-20,-0.001384493,-0.04128441,-0.009930749,0.04108538
15:59:01,7,59,0,6.414992023,-0.959134935,5.941822603,0.2400614,-0.1232308,4.458389,-0.4654993,-20,-0.003482078,-0.04150765,-0.009930749,0.04108538
15:59:01,7,59,0,6.414992023,-0.959134935,5.941822603,0.2400614,-0.1232308,4.458389,-0.4654993,-20,-0.005432785,-0.04150765,-0.009930749,0.04043012
15:59:01,7,59,0,6.439749109,-0.965346193,5.941822603,0.2400614,-0.1232308,4.483343,-0.4691967,-20,-0.008870242,-0.04169683,-0.009930749,0.04043012
15:59:01,7,59,1,6.439749109,-0.965346193,5.941822603,0.2400614,-0.1232308,4.483343,-0.4691967,-20,-0.01216108,-0.04169683,-0.009930749,0.03968323
15:59:01,7,59,1,6.466925053,-0.972178328,5.941822603,0.2400614,-0.1232308,4.510735,-0.4761144,-20,-0.01707361,-0.04193222,-0.009930749,0.03968323
15:59:01,7,59,1,6.466925053,-0.972178328,5.941822603,0.2400614,-0.1232308,4.510735,-0.4761144,-20,-0.02078357,-0.04193222,-0.009930749,0.03904847
15:59:01,7,59,1,6.496533443,-0.979638686,5.941822603,0.2400614,-0.1232308,4.54058,-0.4811176,-20,-0.02751602,-0.04200985,-0.009930749,0.03904847
15:59:01,7,59,1,6.496533443,-0.979638686,5.941822603,0.2400614,-0.1232308,4.54058,-0.4811176,-20,-0.03144576,-0.04200985,-0.009930749,0.03840518
15:59:01,7,59,1,6.528265714,-0.987653523,5.941822603,0.2400614,-0.1232308,4.572566,-0.4843531,-20,-0.03031493,-0.04205619,-0.009930749,0.03840518
15:59:01,7,59,1,6.528265714,-0.987653523,5.941822603,0.2400614,-0.1232308,4.572566,-0.4843531,-20,-0.001728131,-0.04205619,-0.009930749,0.03797934
15:59:01,7,59,1,6.558581531,-0.995329277,5.941822603,0.2400614,-0.1232308,4.603125,-0.4862171,-20,-7.85E-06,-0.04191188,-0.009930749,0.03797934
15:59:01,7,59,1,6.558581531,-0.995329277,5.941822603,0.2400614,-0.1232308,4.603125,-0.4862171,-20,-2.92E-06,-0.04191188,-0.009930749,0.03768879
15:59:01,7,59,1,6.595093873,-1.004598179,5.941822603,0.2400614,-0.1232308,4.639931,-0.4847526,-20,-0.005540247,-0.04151597,-0.009930749,0.03768879
15:59:02,7,59,1,6.595093873,-1.004598179,5.941822603,0.2400614,-0.1232308,4.639931,-0.4847526,-20,-0.001176512,-0.04151597,-0.009930749,0.03764831
15:59:02,7,59,1,6.632189522,-1.014042275,5.941822603,0.2400614,-0.1232308,4.677326,-0.4839202,-20,-2.33E-06,-0.04085923,-0.009930749,0.03764831
15:59:02,7,59,1,6.632189522,-1.014042275,5.941822603,0.2400614,-0.1232308,4.677326,-0.4839202,-20,-0.000277619,-0.04085923,-0.009930749,0.03761702
15:59:02,7,59,1,6.673316623,-1.024544676,5.941822603,0.2400614,-0.1232308,4.718786,-0.485752,-20,-2.33E-06,-0.04011781,-0.009930749,0.03761702
15:59:02,7,59,1,6.673316623,-1.024544676,5.941822603,0.2400614,-0.1232308,4.718786,-0.485752,-20,-4.30E-06,-0.04011781,-0.009930749,0.03759052
15:59:02,7,59,1,6.714317287,-1.035048229,5.941822603,0.2400614,-0.1232308,4.76012,-0.4885648,-20,-3.58E-06,-0.03937425,-0.009930749,0.03759052
15:59:02,7,59,1,6.714317287,-1.035048229,5.941822603,0.2400614,-0.1232308,4.76012,-0.4885648,-20,-1.91E-06,-0.03937425,-0.009930749,0.03753606
15:59:02,7,59,1,6.755799774,-1.045709195,5.941822603,0.2400614,-0.1232308,4.80194,-0.4972484,-20,-1.81E-06,-0.03864988,-0.009930749,0.03753606
15:59:02,7,59,1,6.755799774,-1.045709195,5.941822603,0.2400614,-0.1232308,4.80194,-0.4972484,-20,1.11E-06,-0.03864988,-0.009930749,0.03754405
15:59:02,7,59,1,6.800966953,-1.05735599,5.941822603,0.2400614,-0.1232308,4.847477,-0.5015175,-20,2.59E-07,-0.03779424,-0.009930749,0.03754405
15:59:02,7,59,1,6.800966953,-1.05735599,5.941822603,0.2400614,-0.1232308,4.847477,-0.5015175,-20,1.11E-06,-0.03779424,-0.009930749,0.03754405
15:59:02,7,59,2,6.846432194,-1.069120564,5.941822603,0.2400614,-0.1232308,4.893315,-0.5039601,-20,1.11E-06,-0.0368312,-0.009930749,0.03765417
15:59:02,7,59,2,6.846432194,-1.069120564,5.941822603,0.2400614,-0.1232308,4.893315,-0.5039601,-20,3.18E-06,-0.0368312,-0.009930749,0.03795417
15:59:02,7,59,2,6.897321135,-1.082337267,5.941822603,0.2400614,-0.1232308,4.944623,-0.5096617,-20,-1.81E-06,-0.03557699,-0.009930749,0.03795417
15:59:02,7,59,2,6.897321135,-1.082337267,5.941822603,0.2400614,-0.1232308,4.944623,-0.5096617,-20,2.01E-06,-0.03557699,-0.009930749,0.03811037
15:59:02,7,59,2,6.988065886,-0.654579033,5.941822603,0.6923374,-0.3858539,4.999953,-0.5163927,-4.487158,-0.001239691,0.03709,0.02763406,0.03811037
15:59:02,7,59,2,6.988065886,-0.654579033,5.941822603,0.6923374,-0.3858539,4.999953,-0.5163927,-4.487158,-0.004131058,0.03709,0.02763406,0.03849746
15:59:02,7,59,2,7.04037495,-0.65448441,5.941822603,0.6923374,-0.3858539,5.051655,-0.5229029,-3.956068,-0.01176581,0.03461964,0.02763406,0.03849746
15:59:02,7,59,2,7.04037495,-0.65448441,5.941822603,0.6923374,-0.3858539,5.051655,-0.5229029,-3.956068,-0.01822198,0.03461964,0.02763406,0.03896245
15:59:02,7,59,2,7.098609845,-0.654201174,5.941822603,0.6923374,-0.3858539,5.109232,-0.5300764,-3.351918,-0.03119273,0.03190254,0.02763406,0.03896245
15:59:03,7,59,2,7.098609845,-0.654201174,5.941822603,0.6923374,-0.3858539,5.109232,-0.5300764,-3.351918,-0.0372603,0.03190254,0.02763406,0.03964249
15:59:03,7,59,2,7.158283622,-0.653716504,5.941822603,0.6923374,-0.3858539,5.168252,-0.5305494,-3.181992,3.86E-06,0.02932093,0.02763406,0.03964249
15:59:03,7,59,2,7.158283622,-0.653716504,5.941822603,0.6923374,-0.3858539,5.168252,-0.5305494,-3.181992,-4.30E-06,0.02932093,0.02763406,0.04052026
15:59:03,7,59,2,7.220319921,-0.653003997,5.941822603,0.6923374,-0.3858539,5.229629,-0.5342771,-2.734399,-0.002584405,0.02680698,0.02763406,0.04052026
15:59:03,7,59,2,7.220319921,-0.653003997,5.941822603,0.6923374,-0.3858539,5.229629,-0.5342771,-2.734399,-0.000199248,0.02680698,0.02763406,0.04134411
15:59:03,7,59,2,7.277052743,-0.652166201,5.941822603,0.6923374,-0.3858539,5.285779,-0.5363551,-2.404145,-0.00369963,0.02452828,0.02763406,0.04134411
15:59:03,7,59,2,7.277052743,-0.652166201,5.941822603,0.6923374,-0.3858539,5.285779,-0.5363551,-2.404145,-0.007558372,0.02452828,0.02763406,0.0423653
15:59:03,7,59,2,7.342030126,-0.30044989,5.941822603,1.5258,-0.7662363,5.342203,-0.5365304,20,-0.01745233,-0.000886883,0.07048421,0.0423653
15:59:03,7,59,2,7.342030126,-0.30044989,5.941822603,1.5258,-0.7662363,5.342203,-0.5365304,20,-0.02490517,-0.000886883,0.07048421,0.04314547
15:59:03,7,59,2,7.39890586,-0.284936068,5.941822603,1.5258,-0.7662363,5.398932,-0.5419022,20,-0.03529188,-0.007549879,0.07048421,0.04314547
15:59:03,7,59,2,7.39890586,-0.284936068,5.941822603,1.5258,-0.7662363,5.398932,-0.5419022,20,-0.01935682,-0.007549879,0.07048421,0.04314547
15:59:03,7,59,3,7.455662286,-0.269000211,5.941822603,1.5258,-0.7662363,5.45567,-0.5483312,20,-5.09E-06,-0.01415417,0.07048421,0.04395494
15:59:03,7,59,3,7.455662286,-0.269000211,5.941822603,1.5258,-0.7662363,5.45567,-0.5483312,20,-2.33E-06,-0.01415417,0.07048421,0.04476082
15:59:03,7,59,3,7.507867925,-0.253941162,5.941822603,1.5258,-0.7662363,5.507972,-0.5530536,20,-0.006437575,-0.02015482,0.07048421,0.04476082
15:59:03,7,59,3,7.507867925,-0.253941162,5.941822603,1.5258,-0.7662363,5.507972,-0.5530536,20,2.01E-06,-0.02015482,0.07048421,0.04557228
15:59:03,7,59,3,7.559681163,-0.238615425,5.941822603,1.5258,-0.7662363,5.559989,-0.5597708,20,-0.000564284,-0.02608601,0.07048421,0.04557228
15:59:03,7,59,3,7.559681163,-0.238615425,5.941822603,1.5258,-0.7662363,5.559989,-0.5597708,20,-0.000253904,-0.02608601,0.07048421,0.04642263
15:59:03,7,59,3,7.609587669,-0.223495865,5.941822603,1.5258,-0.7662363,5.610194,-0.5608919,20,-0.002986753,-0.03171773,0.07048421,0.04642263
15:59:03,7,59,3,7.609587669,-0.223495865,5.941822603,1.5258,-0.7662363,5.610194,-0.5608919,20,-0.006911297,-0.03171773,0.07048421,0.04755847
15:59:03,7,59,3,7.66110071,-0.207521353,5.941822603,1.5258,-0.7662363,5.66212,-0.5600811,20,-0.01334374,-0.03725926,0.07048421,0.04755847
15:59:04,7,59,3,7.659598392,-0.578888644,5.941822603,0.5020342,-0.3310161,5.66212,-0.5600811,5.452404,-0.01996221,-0.001303672,0.02479191,0.0485947
15:59:04,7,59,3,7.706900134,-0.576525983,5.941822603,0.5020342,-0.3310161,5.709194,-0.5648242,6.103513,-0.02518903,-0.002595675,0.02479191,0.0485947
15:59:04,7,59,3,7.706900134,-0.576525983,5.941822603,0.5020342,-0.3310161,5.709194,-0.5648242,6.103513,-0.004084529,-0.002595675,0.02479191,0.04944825
15:59:04,7,59,3,7.753421359,-0.574094097,5.941822603,0.5020342,-0.3310161,5.755501,-0.5711123,6.840972,-3.58E-06,-0.004031931,0.02479191,0.04944825
15:59:04,7,59,3,7.753421359,-0.574094097,5.941822603,0.5020342,-0.3310161,5.755501,-0.5711123,6.840972,-2.92E-06,-0.004031931,0.02479191,0.05003281
15:59:04,7,59,3,7.796645074,-0.571738417,5.941822603,0.5020342,-0.3310161,5.798535,-0.5775096,7.540155,-0.004201343,-0.005574821,0.02479191,0.05003281
15:59:04,7,59,3,7.796645074,-0.571738417,5.941822603,0.5020342,-0.3310161,5.798535,-0.5775096,7.540155,-3.58E-06,-0.005574821,0.02479191,0.05092297
15:59:04,7,59,3,7.83602894,-0.569511349,5.941822603,0.5020342,-0.3310161,5.837754,-0.5727575,7.486979,-0.000465368,-0.006623061,0.02479191,0.05092297
15:59:04,7,59,3,7.83602894,-0.569511349,5.941822603,0.5020342,-0.3310161,5.837754,-0.5727575,7.486979,-0.000129667,-0.006623061,0.02479191,0.05192339
15:59:04,7,59,3,7.880333041,-0.566914132,5.941822603,0.5020342,-0.3310161,5.881881,-0.5736421,7.871849,-0.001551563,-0.007803137,0.02479191,0.05192339
15:59:04,7,59,3,7.880333041,-0.566914132,5.941822603,0.5020342,-0.3310161,5.881881,-0.5736421,7.871849,-0.003901038,-0.007803137,0.02479191,0.05192339
15:59:04,7,59,4,7.922844393,-0.564330512,5.941822603,0.5020342,-0.3310161,5.924232,-0.5753429,8.291122,-0.008734378,-0.009044823,0.02479191,0.05277387
15:59:04,7,59,4,7.922844393,-0.564330512,5.941822603,0.5020342,-0.3310161,5.924232,-0.5753429,8.291122,-0.01160951,-0.009044823,0.02479191,0.05356017
15:59:04,7,59,4,7.960842086,-0.538099815,5.941822603,0.5488435,-0.3515359,5.961713,-0.58266,10.72862,-0.01970886,-0.0247896,0.02700715,0.05356017
15:59:04,7,59,4,7.960842086,-0.538099815,5.941822603,0.5488435,-0.3515359,5.961713,-0.58266,10.72862,-0.02373005,-0.0247896,0.02700715,0.05437629
15:59:04,7,59,4,7.994762315,-0.535407243,5.941822603,0.5488435,-0.3515359,5.995529,-0.5875873,11.36323,-0.02969533,-0.02578856,0.02700715,0.05437629
15:59:04,7,59,4,7.994762315,-0.535407243,5.941822603,0.5488435,-0.3515359,5.995529,-0.5875873,11.36323,-0.03304942,-0.02578856,0.02700715,0.05533676
15:59:04,7,59,4,8.031888676,-0.532388933,5.941822603,0.5488435,-0.3515359,6.032548,-0.5901109,11.87247,-0.003460684,-0.02681455,0.02700715,0.05533676
15:59:04,7,59,4,8.031888676,-0.532388933,5.941822603,0.5488435,-0.3515359,6.032548,-0.5901109,11.87247,-3.58E-06,-0.02681455,0.02700715,0.05643851
15:59:04,7,59,4,8.067345331,-0.529436862,5.941822603,0.5488435,-0.3515359,6.067911,-0.5894366,12.17711,-0.000434512,-0.02760971,0.02700715,0.05643851
15:59:04,7,59,4,8.067345331,-0.529436862,5.941822603,0.5488435,-0.3515359,6.067911,-0.5894366,12.17711,-0.003147656,-0.02760971,0.02700715,0.0575573
15:59:04,7,59,4,8.103493011,-0.526357355,5.941822603,0.5488435,-0.3515359,6.10397,-0.5855243,12.27231,-5.09E-06,-0.02842456,0.02700715,0.0575573
15:59:05,7,59,4,8.103493011,-0.526357355,5.941822603,0.5488435,-0.3515359,6.10397,-0.5855243,12.27231,-0.000663319,-0.02842456,0.02700715,0.05862257
15:59:05,7,59,4,8.140751789,-0.523109325,5.941822603,0.5488435,-0.3515359,6.141145,-0.5870497,12.73979,-0.000296099,-0.02935214,0.02700715,0.05862257
15:59:05,7,59,4,8.140751789,-0.523109325,5.941822603,0.5488435,-0.3515359,6.141145,-0.5870497,12.73979,-3.52E-05,-0.02935214,0.02700715,0.05960741
15:59:05,7,59,4,8.175183264,-0.5200411,5.941822603,0.5488435,-0.3515359,6.175506,-0.5914938,13.37848,-0.0009403,-0.03020868,0.02700715,0.05960741
15:59:05,7,59,4,8.175183264,-0.5200411,5.941822603,0.5488435,-0.3515359,6.175506,-0.5914938,13.37848,-0.003168065,-0.03020868,0.02700715,0.06049384
15:59:05,7,59,4,8.208492504,-0.517011941,5.941822603,0.5488435,-0.3515359,6.208754,-0.597106,14.07509,-0.004962152,-0.03110337,0.02700715,0.06049384
15:59:05,7,59,4,8.208492504,-0.517011941,5.941822603,0.5488435,-0.3515359,6.208754,-0.597106,14.07509,-0.009707208,-0.03110337,0.02700715,0.06141622
15:59:05,7,59,4,8.244903348,-0.51363216,5.941822603,0.5488435,-0.3515359,6.245105,-0.6002354,14.63011,-0.01236113,-0.03212769,0.02700715,0.06141622
15:59:05,7,59,5,8.244903348,-0.51363216,5.941822603,0.5488435,-0.3515359,6.245105,-0.6002354,14.63011,-0.01546467,-0.03212769,0.02700715,0.06216617
15:59:05,7,59,5,8.279155005,-0.510387437,5.941822603,0.5488435,-0.3515359,6.279308,-0.6012266,15.00918,-0.00134421,-0.03320874,0.02700715,0.06216617
15:59:05,7,59,5,8.279155005,-0.510387437,5.941822603,0.5488435,-0.3515359,6.279308,-0.6012266,15.00918,-6.86E-06,-0.03320874,0.02700715,0.06322078
15:59:05,7,59,5,8.313451875,-0.507074936,5.941822603,0.5488435,-0.3515359,6.313562,-0.6003776,15.31059,-5.09E-06,-0.03398726,0.02700715,0.06322078
15:59:05,7,59,5,8.313451875,-0.507074936,5.941822603,0.5488435,-0.3515359,6.313562,-0.6003776,15.31059,-0.00369963,-0.03398726,0.02700715,0.06421228
15:59:05,7,59,5,8.350197984,-0.503455377,5.941822603,0.5488435,-0.3515359,6.350271,-0.6031685,15.86057,-2.33E-06,-0.03495948,0.02700715,0.06421228
15:59:05,7,59,5,8.350197984,-0.503455377,5.941822603,0.5488435,-0.3515359,6.350271,-0.6031685,15.86057,-2.92E-06,-0.03495948,0.02700715,0.06526329
15:59:05,7,59,5,8.381978496,-0.604916935,5.941822603,0.3789597,-0.2773309,6.383114,-0.6093447,9.573599,-0.000617312,0.02267483,0.01908271,0.06526329
15:59:05,7,59,5,8.381978496,-0.604916935,5.941822603,0.3789597,-0.2773309,6.383114,-0.6093447,9.573599,-3.58E-06,0.02267483,0.01908271,0.06615505
15:59:05,7,59,5,8.415741912,-0.603457843,5.941822603,0.3789597,-0.2773309,6.416793,-0.6171533,10.33962,-0.000138085,0.02228363,0.01908271,0.06615505
15:59:05,7,59,5,8.415741912,-0.603457843,5.941822603,0.3789597,-0.2773309,6.416793,-0.6171533,10.33962,3.86E-06,0.02228363,0.01908271,0.06690446
15:59:06,7,59,5,8.449101023,-0.601973494,5.941822603,0.3789597,-0.2773309,6.450071,-0.6234594,10.98002,2.01E-06,0.02176548,0.01908271,0.06690446
15:59:06,7,59,5,8.449101023,-0.601973494,5.941822603,0.3789597,-0.2773309,6.450071,-0.6234594,10.98002,-0.000164925,0.02176548,0.01908271,0.06748184
15:59:06,7,59,5,8.482947749,-0.60042404,5.941822603,0.3789597,-0.2773309,6.48384,-0.6272126,11.42309,-0.000996877,0.02105678,0.01908271,0.06748184
15:59:06,7,59,5,8.482947749,-0.60042404,5.941822603,0.3789597,-0.2773309,6.48384,-0.6272126,11.42309,-0.003503538,0.02105678,0.01908271,0.0680929
15:59:06,7,59,5,8.517280511,-0.598807668,5.941822603,0.3789597,-0.2773309,6.518096,-0.6299917,11.80712,-0.005621529,0.02036332,0.01908271,0.0680929
15:59:06,7,59,5,8.517280511,-0.598807668,5.941822603,0.3789597,-0.2773309,6.518096,-0.6299917,11.80712,-0.01065601,0.02036332,0.01908271,0.0688061
15:59:06,7,59,5,8.55065851,-0.597193119,5.941822603,0.3789597,-0.2773309,6.551403,-0.63348,12.25195,-0.01406214,0.01980831,0.01908271,0.0688061
15:59:06,7,59,5,8.55065851,-0.597193119,5.941822603,0.3789597,-0.2773309,6.551403,-0.63348,12.25195,-0.01960796,0.01980831,0.01908271,0.0697165
15:59:06,7,59,5,8.588148411,-0.595328969,5.941822603,0.3789597,-0.2773309,6.588817,-0.639905,12.93731,-0.01930678,0.01929431,0.01908271,0.0697165
15:59:06,7,59,6,8.588148411,-0.595328969,5.941822603,0.3789597,-0.2773309,6.588817,-0.639905,12.93731,-5.09E-06,0.01929431,0.01908271,0.07063769
15:59:06,7,59,6,8.62710564,-0.593335027,5.941822603,0.3789597,-0.2773309,6.6277,-0.6469045,13.6668,-6.86E-06,0.0187354,0.01908271,0.07063769
15:59:06,7,59,6,8.62710564,-0.593335027,5.941822603,0.3789597,-0.2773309,6.6277,-0.6469045,13.6668,-0.000521913,0.0187354,0.01908271,0.07147285
15:59:06,7,59,6,8.662116721,-0.591493642,5.941822603,0.3789597,-0.2773309,6.662648,-0.6527627,14.29315,-0.004635439,0.01824045,0.01908271,0.07147285
15:59:06,7,59,6,8.662116721,-0.591493642,5.941822603,0.3789597,-0.2773309,6.662648,-0.6527627,14.29315,-4.30E-06,0.01824045,0.01908271,0.07222839
15:59:06,7,59,6,8.701712783,-0.589354739,5.941822603,0.3789597,-0.2773309,6.702177,-0.6588551,14.93976,-4.30E-06,0.01749175,0.01908271,0.07222839
15:59:06,7,59,6,8.701712783,-0.589354739,5.941822603,0.3789597,-0.2773309,6.702177,-0.6588551,14.93976,-0.000302391,0.01749175,0.01908271,0.07319299
15:59:06,7,59,6,8.742108524,-0.587110976,5.941822603,0.3789597,-0.2773309,6.742508,-0.6578741,15.15063,-2.17E-05,0.0169218,0.01908271,0.07319299
15:59:06,7,59,6,8.742108524,-0.587110976,5.941822603,0.3789597,-0.2773309,6.742508,-0.6578741,15.15063,-0.000811251,0.0169218,0.01908271,0.0744231
15:59:07,7,59,6,8.782228861,-0.755379262,5.941822603,-0.08345066,-0.1064637,6.78584,-0.6545801,3.431588,-0.002492884,0.01125897,0.003410719,0.0744231
15:59:07,7,59,6,8.782228861,-0.755379262,5.941822603,-0.08345066,-0.1064637,6.78584,-0.6545801,3.431588,-0.005567276,0.01125897,0.003410719,0.07597946
15:59:07,7,59,6,8.828367976,-0.757520069,5.941822603,-0.08345066,-0.1064637,6.831942,-0.6530598,3.392422,-0.002584405,0.01250152,0.003410719,0.07597946
15:59:07,7,59,6,8.828367976,-0.757520069,5.941822603,-0.08345066,-0.1064637,6.831942,-0.6530598,3.392422,6.30E-06,0.01250152,0.003410719,0.0773358
15:59:07,7,59,6,8.868759705,-0.759382282,5.941822603,-0.08345066,-0.1064637,6.872301,-0.6565613,3.70306,-4.19E-05,0.01358315,0.003410719,0.0773358
15:59:07,7,59,6,8.868759705,-0.759382282,5.941822603,-0.08345066,-0.1064637,6.872301,-0.6565613,3.70306,-0.000106003,0.01358315,0.003410719,0.0783775
15:59:07,7,59,6,8.91546778,-0.761521827,5.941822603,-0.08345066,-0.1064637,6.918971,-0.6648414,4.289613,-3.58E-06,0.01430714,0.003410719,0.0783775
15:59:07,7,59,6,8.91546778,-0.761521827,5.941822603,-0.08345066,-0.1064637,6.918971,-0.6648414,4.289613,-3.05E-06,0.01430714,0.003410719,0.07946527
15:59:07,7,59,6,8.958484368,-0.763479113,5.941822603,-0.08345066,-0.1064637,6.961953,-0.6713859,4.771365,9.34E-06,0.01510232,0.003410719,0.07946527
15:59:07,7,59,6,8.958484368,-0.763479113,5.941822603,-0.08345066,-0.1064637,6.961953,-0.6713859,4.771365,3.18E-06,0.01510232,0.003410719,0.080887
15:59:07,7,59,6,9.009507053,-0.765784316,5.941822603,-0.08345066,-0.1064637,7.012935,-0.6695819,4.681052,1.11E-06,0.01617698,0.003410719,0.080887
15:59:07,7,59,7,9.009507053,-0.765784316,5.941822603,-0.08345066,-0.1064637,7.012935,-0.6695819,4.681052,-0.000253904,0.01617698,0.003410719,0.08238822
15:59:07,7,59,7,9.056059808,-0.890417143,5.941822603,-0.6429,0.07695684,7.063368,-0.6701179,-3.953984,-0.001176512,-0.00590298,-0.01151588,0.08238822
15:59:07,7,59,7,9.056059808,-0.890417143,5.941822603,-0.6429,0.07695684,7.063368,-0.6701179,-3.953984,-2.33E-06,-0.00590298,-0.01151588,0.08404284
15:59:07,7,59,7,9.108611491,-0.897365807,5.941822603,-0.6429,0.07695684,7.116127,-0.6724285,-4.046586,1.53E-06,-0.003054147,-0.01151588,0.08404284
15:59:07,7,59,7,9.108611491,-0.897365807,5.941822603,-0.6429,0.07695684,7.116127,-0.6724285,-4.046586,-2.33E-06,-0.003054147,-0.01151588,0.08562289
15:59:07,7,59,7,9.160307832,-0.904263435,5.941822603,-0.6429,0.07695684,7.168031,-0.6804125,-3.747677,-2.45E-06,-0.000299639,-0.01151588,0.08562289
15:59:07,7,59,7,9.160307832,-0.904263435,5.941822603,-0.6429,0.07695684,7.168031,-0.6804125,-3.747677,1.53E-06,-0.000299639,-0.01151588,0.08727033
15:59:07,7,59,7,9.214218711,-0.911522103,5.941822603,-0.6429,0.07695684,7.22216,-0.6882536,-3.474409,2.01E-06,0.002572231,-0.01151588,0.08727033
15:59:07,7,59,7,9.214218711,-0.911522103,5.941822603,-0.6429,0.07695684,7.22216,-0.6882536,-3.474409,1.53E-06,0.002572231,-0.01151588,0.08883813
15:59:07,7,59,7,9.276696072,-0.920017919,5.941822603,-0.6429,0.07695684,7.284895,-0.7001401,-3.01463,7.62E-07,0.005558633,-0.01151588,0.08883813
15:59:08,7,59,7,9.278969575,-0.864716501,5.941822603,-0.4606544,0.0153846,7.284895,-0.7001401,0.9294276,0.000406178,-0.02829179,-0.006350987,0.0903837
15:59:08,7,59,7,9.344384758,-0.871447205,5.941822603,-0.4606544,0.0153846,7.350438,-0.7071233,1.16798,0.0052525,-0.02592243,-0.006350987,0.0903837
15:59:08,7,59,7,9.344384758,-0.871447205,5.941822603,-0.4606544,0.0153846,7.350438,-0.7071233,1.16798,0.01036678,-0.02592243,-0.006350987,0.09212194
15:59:08,7,59,7,9.409840946,-0.878236533,5.941822603,-0.4606544,0.0153846,7.416024,-0.7136146,1.394804,0.02053547,-0.02336,-0.006350987,0.09212194
15:59:08,7,59,7,9.409840946,-0.878236533,5.941822603,-0.4606544,0.0153846,7.416024,-0.7136146,1.394804,0.01485179,-0.02336,-0.006350987,0.0938779
15:59:08,7,59,7,9.473594508,-0.884901576,5.941822603,-0.4606544,0.0153846,7.479905,-0.7188101,1.540572,-5.29E-09,-0.02080142,-0.006350987,0.0938779
15:59:08,7,59,7,9.473594508,-0.884901576,5.941822603,-0.4606544,0.0153846,7.479905,-0.7188101,1.540572,-1.91E-07,-0.02080142,-0.006350987,0.09566022
15:59:08,7,59,7,9.547247296,-0.892665797,5.941822603,-0.4606544,0.0153846,7.553706,-0.7253049,1.704257,0.001455724,-0.01809199,-0.006350987,0.09566022
15:59:08,7,59,7,9.547247296,-0.892665797,5.941822603,-0.4606544,0.0153846,7.553706,-0.7253049,1.704257,0.001294037,-0.01809199,-0.006350987,0.0976777
15:59:08,7,59,7,9.622054239,-0.900622217,5.941822603,-0.4606544,0.0153846,7.628666,-0.7306164,1.803426,0.003030582,-0.01513303,-0.006350987,0.0976777
15:59:08,7,59,8,9.627702273,-0.694224844,5.941822603,0.330199,-0.2352658,7.628666,-0.7306164,16.12691,0.009291034,-0.03446488,0.01338451,0.09948572
15:59:08,7,59,8,9.697812772,-0.692584491,5.941822603,0.330199,-0.2352658,7.698664,-0.7370185,16.88697,0.02346533,-0.03452961,0.01338451,0.09948572
15:59:08,7,59,8,9.697812772,-0.692584491,5.941822603,0.330199,-0.2352658,7.698664,-0.7370185,16.88697,0.03584328,-0.03452961,0.01338451,0.1014435
15:59:08,7,59,8,9.77447278,-0.690640307,5.941822603,0.330199,-0.2352658,7.775208,-0.743908,17.70993,0.05709044,-0.03461949,0.01338451,0.1014435
15:59:08,7,59,8,9.77447278,-0.690640307,5.941822603,0.330199,-0.2352658,7.775208,-0.743908,17.70993,0.03859163,-0.03461949,0.01338451,0.1033273
15:59:08,7,59,8,9.848307299,-0.688619055,5.941822603,0.330199,-0.2352658,7.84894,-0.7484553,18.37063,-2.33E-06,-0.03470794,0.01338451,0.1033273
15:59:08,7,59,8,9.848307299,-0.688619055,5.941822603,0.330199,-0.2352658,7.84894,-0.7484553,18.37063,0.001373693,-0.03470794,0.01338451,0.1050845
15:59:08,7,59,8,9.923584954,-0.686408058,5.941822603,0.330199,-0.2352658,7.92412,-0.7598692,19.45272,0.001320325,-0.03496156,0.01338451,0.1050845
15:59:08,7,59,8,9.923584954,-0.686408058,5.941822603,0.330199,-0.2352658,7.92412,-0.7598692,19.45272,0.00562697,-0.03496156,0.01338451,0.107035
15:59:08,7,59,8,10.00429573,-0.47285716,5.941822603,1.254703,-0.5103008,8.005196,-0.7707737,20,0.01789288,0.05317275,0.0337474,0.107035
15:59:09,7,59,8,10.00429573,-0.47285716,5.941822603,1.254703,-0.5103008,8.005196,-0.7707737,20,0.02806532,0.05317275,0.0337474,0.1087911
15:59:09,7,59,8,10.06654891,-0.462458515,5.941822603,1.254703,-0.5103008,8.067719,-0.7760137,20,0.04415416,0.05082346,0.0337474,0.1087911
15:59:09,7,59,8,10.06654891,-0.462458515,5.941822603,1.254703,-0.5103008,8.067719,-0.7760137,20,0.05591833,0.05082346,0.0337474,0.1108306
15:59:09,7,59,8,10.12534547,-0.452397067,5.941822603,1.254703,-0.5103008,8.126804,-0.780962,20,0.05038746,0.04898869,0.0337474,0.1108306
15:59:09,7,59,8,10.12534547,-0.452397067,5.941822603,1.254703,-0.5103008,8.126804,-0.780962,20,0.004591075,0.04898869,0.0337474,0.1130447
15:59:09,7,59,8,10.1821077,-0.442462378,5.941822603,1.254703,-0.5103008,8.183875,-0.7889645,20,0.001360252,0.04746536,0.0337474,0.1130447
15:59:09,7,59,8,10.1821077,-0.442462378,5.941822603,1.254703,-0.5103008,8.183875,-0.7889645,20,0.001346877,0.04746536,0.0337474,0.1148688
15:59:09,7,59,8,10.24219368,-0.431709017,5.941822603,1.254703,-0.5103008,8.24432,-0.7978036,20,0.00706885,0.04533658,0.0337474,0.1148688
15:59:09,7,59,8,10.24219368,-0.431709017,5.941822603,1.254703,-0.5103008,8.24432,-0.7978036,20,0.01240938,0.04533658,0.0337474,0.1168339
15:59:09,7,59,8,10.2966702,-0.421748945,5.941822603,1.254703,-0.5103008,8.29915,-0.8014779,20,0.02341036,0.04372086,0.0337474,0.1168339
15:59:09,7,59,8,10.2966702,-0.421748945,5.941822603,1.254703,-0.5103008,8.29915,-0.8014779,20,0.03215945,0.04372086,0.0337474,0.1168339
15:59:09,7,59,9,10.3423537,-0.670690448,5.941822603,-0.00228593,-0.1551484,8.342437,-0.805712,20,0.04512833,-0.01664362,0.008752409,0.118907
15:59:09,7,59,9,10.3423537,-0.670690448,5.941822603,-0.00228593,-0.1551484,8.342437,-0.805712,20,0.05328195,-0.01664362,0.008752409,0.1210327
15:59:09,7,59,9,10.38497596,-0.669570945,5.941822603,-0.00228593,-0.1551484,8.385046,-0.8105106,20,0.06570008,-0.01526324,0.008752409,0.1210327
15:59:09,7,59,9,10.38497596,-0.669570945,5.941822603,-0.00228593,-0.1551484,8.385046,-0.8105106,20,0.07448278,-0.01526324,0.008752409,0.1226332
15:59:09,7,59,9,10.42946871,-0.668368389,5.941822603,-0.00228593,-0.1551484,8.429526,-0.8222368,20,0.08356342,-0.01444073,0.008752409,0.1226332
15:59:09,7,59,9,10.42946871,-0.668368389,5.941822603,-0.00228593,-0.1551484,8.429526,-0.8222368,20,0.06942862,-0.01444073,0.008752409,0.1239086
15:59:09,7,59,9,10.46736019,-0.667316931,5.941822603,-0.00228593,-0.1551484,8.467408,-0.8368868,20,2.80E-06,-0.01382795,0.008752409,0.1239086
15:59:09,7,59,9,10.46736019,-0.667316931,5.941822603,-0.00228593,-0.1551484,8.467408,-0.8368868,20,0.002146622,-0.01382795,0.008752409,0.1251343
15:59:09,7,59,9,10.49828647,-0.666440124,5.941822603,-0.00228593,-0.1551484,8.498327,-0.8474569,20,0.002335803,-0.01314303,0.008752409,0.1251343
15:59:09,7,59,9,10.49828647,-0.666440124,5.941822603,-0.00228593,-0.1551484,8.498327,-0.8474569,20,0.004941728,-0.01314303,0.008752409,0.1264049
15:59:10,7,59,9,10.5323771,-0.665454203,5.941822603,-0.00228593,-0.1551484,8.532411,-0.852516,20,0.00908288,-0.01246855,0.008752409,0.1264049
15:59:10,7,59,9,10.5323771,-0.665454203,5.941822603,-0.00228593,-0.1551484,8.532411,-0.852516,20,0.0139852,-0.01246855,0.008752409,0.1275979
15:59:10,7,59,9,10.56594812,-0.664463429,5.941822603,-0.00228593,-0.1551484,8.565975,-0.8537449,20,0.01997238,-0.01186263,0.008752409,0.1275979
15:59:10,7,59,9,10.56594812,-0.664463429,5.941822603,-0.00228593,-0.1551484,8.565975,-0.8537449,20,0.02508666,-0.01186263,0.008752409,0.1286429
15:59:10,7,59,9,10.5922455,-0.66367354,5.941822603,-0.00228593,-0.1551484,8.592268,-0.8555605,20,0.03183988,-0.01127743,0.008752409,0.1286429
15:59:10,7,59,9,10.5922455,-0.66367354,5.941822603,-0.00228593,-0.1551484,8.592268,-0.8555605,20,0.03741171,-0.01127743,0.008752409,0.1295786
15:59:10,7,59,9,10.61886866,-0.662861535,5.941822603,-0.00228593,-0.1551484,8.618887,-0.8646925,20,0.04490263,-0.01080726,0.008752409,0.1295786
15:59:10,7,59,9,10.61886866,-0.662861535,5.941822603,-0.00228593,-0.1551484,8.618887,-0.8646925,20,0.04943953,-0.01080726,0.008752409,0.1301338
15:59:10,7,59,9,10.64437108,-0.770981529,5.941822603,-0.5724315,0.000149571,8.645294,-0.8767191,20,0.05801932,-0.05174935,-0.001766438,0.1301338
15:59:10,7,59,9,10.64437108,-0.770981529,5.941822603,-0.5724315,0.000149571,8.645294,-0.8767191,20,0.06268015,-0.05174935,-0.001766438,0.1301338
15:59:10,7,59,10,10.66650683,-0.771811504,5.941822603,-0.5724315,0.000149571,8.667435,-0.8863669,20,0.07137486,-0.05120665,-0.001766438,0.1305984
15:59:10,7,59,10,10.66650683,-0.771811504,5.941822603,-0.5724315,0.000149571,8.667435,-0.8863669,20,0.0758195,-0.05120665,-0.001766438,0.1310965
15:59:10,7,59,10,10.68814772,-0.772624597,5.941822603,-0.5724315,0.000149571,8.68908,-0.888787,20,0.08396452,-0.05063214,-0.001766438,0.1310965
15:59:10,7,59,10,10.68814772,-0.772624597,5.941822603,-0.5724315,0.000149571,8.68908,-0.888787,20,0.08874174,-0.05063214,-0.001766438,0.1315445
15:59:10,7,59,10,10.70962555,-0.7734332,5.941822603,-0.5724315,0.000149571,8.710563,-0.8874899,20,0.09575433,-0.05010843,-0.001766438,0.1315445
15:59:10,7,59,10,10.70962555,-0.7734332,5.941822603,-0.5724315,0.000149571,8.710563,-0.8874899,20,0.1009223,-0.05010843,-0.001766438,0.1321366
15:59:10,7,59,10,10.72996302,-0.774200373,5.941822603,-0.5724315,0.000149571,8.730905,-0.8850214,20,0.1041021,-0.0494445,-0.001766438,0.1321366
15:59:10,7,59,10,10.72996302,-0.774200373,5.941822603,-0.5724315,0.000149571,8.730905,-0.8850214,20,0.1057636,-0.0494445,-0.001766438,0.13266
15:59:10,7,59,10,10.74748776,-0.774862616,5.941822603,-0.5724315,0.000149571,8.748433,-0.8857326,20,0.008472431,-0.04885922,-0.001766438,0.13266
15:59:11,7,59,10,10.74748776,-0.774862616,5.941822603,-0.5724315,0.000149571,8.748433,-0.8857326,20,-2.33E-06,-0.04885922,-0.001766438,0.1331482
15:59:11,7,59,10,10.76476839,-0.775516696,5.941822603,-0.5724315,0.000149571,8.765718,-0.8893461,20,0.003172154,-0.04831008,-0.001766438,0.1331482
15:59:11,7,59,10,10.76476839,-0.775516696,5.941822603,-0.5724315,0.000149571,8.765718,-0.8893461,20,0.00048279,-0.04831008,-0.001766438,0.1334722
15:59:11,7,59,10,10.78305684,-0.776210072,5.941822603,-0.5724315,0.000149571,8.78401,-0.8944032,20,0.002180426,-0.04792157,-0.001766438,0.1334722
15:59:11,7,59,10,10.78305684,-0.776210072,5.941822603,-0.5724315,0.000149571,8.78401,-0.8944032,20,0.003659985,-0.04792157,-0.001766438,0.1335409
15:59:11,7,59,10,10.80201175,-0.776929963,5.941822603,-0.5724315,0.000149571,8.802969,-0.8996764,20,0.005819009,-0.04778598,-0.001766438,0.1335409
15:59:11,7,59,10,10.80201175,-0.776929963,5.941822603,-0.5724315,0.000149571,8.802969,-0.8996764,20,0.007883021,-0.04778598,-0.001766438,0.133578
15:59:11,7,59,10,10.81832746,-0.777550636,5.941822603,-0.5724315,0.000149571,8.819288,-0.9039396,20,0.01007422,-0.04769126,-0.001766438,0.133578
15:59:11,7,59,10,10.81832746,-0.777550636,5.941822603,-0.5724315,0.000149571,8.819288,-0.9039396,20,0.01236916,-0.04769126,-0.001766438,0.1337631
15:59:11,7,59,10,10.83624784,-0.778233436,5.941822603,-0.5724315,0.000149571,8.837213,-0.8995929,20,0.0167549,-0.04744294,-0.001766438,0.1337631
15:59:11,7,59,11,10.83624784,-0.778233436,5.941822603,-0.5724315,0.000149571,8.837213,-0.8995929,20,0.01987082,-0.04744294,-0.001766438,0.1338373
15:59:11,7,59,11,10.85667964,-0.779013311,5.941822603,-0.5724315,0.000149571,8.857649,-0.9017637,20,0.02588819,-0.04729668,-0.001766438,0.1338373
15:59:11,7,59,11,10.85667964,-0.779013311,5.941822603,-0.5724315,0.000149571,8.857649,-0.9017637,20,0.03020295,-0.04729668,-0.001766438,0.1339019
15:59:11,7,59,11,10.87865223,-0.779853643,5.941822603,-0.5724315,0.000149571,8.879626,-0.9057338,20,0.03652125,-0.04715456,-0.001766438,0.1339019
15:59:11,7,59,11,10.87865223,-0.779853643,5.941822603,-0.5724315,0.000149571,8.879626,-0.9057338,20,0.04158157,-0.04715456,-0.001766438,0.133822
15:59:11,7,59,11,10.903141,-0.780792214,5.941822603,-0.5724315,0.000149571,8.90412,-0.9094694,20,0.04881229,-0.04714806,-0.001766438,0.133822
15:59:11,7,59,11,10.903141,-0.780792214,5.941822603,-0.5724315,0.000149571,8.90412,-0.9094694,20,0.05442804,-0.04714806,-0.001766438,0.1336758
15:59:11,7,59,11,10.92214777,-1.01803367,5.941822603,-2.272943,0.430678,8.929445,-0.912863,11.45334,0.06338482,0.003342251,-0.0289121,0.1336758
15:59:11,7,59,11,10.92214777,-1.01803367,5.941822603,-2.272943,0.430678,8.929445,-0.912863,11.45334,0.07016713,0.003342251,-0.0289121,0.1335846
15:59:11,7,59,11,10.9476397,-1.023173441,5.941822603,-2.272943,0.430678,8.955192,-0.9137962,11.15032,0.0788177,0.004681388,-0.0289121,0.1335846
15:59:11,7,59,11,10.9476397,-1.023173441,5.941822603,-2.272943,0.430678,8.955192,-0.9137962,11.15032,0.08578012,0.004681388,-0.0289121,0.1336016
15:59:12,7,59,11,10.97605564,-1.02894705,5.941822603,-2.272943,0.430678,8.983896,-0.9156765,10.88329,0.09564795,0.006292168,-0.0289121,0.1336016
15:59:12,7,59,11,10.97605564,-1.02894705,5.941822603,-2.272943,0.430678,8.983896,-0.9156765,10.88329,0.1022329,0.006292168,-0.0289121,0.133475
15:59:12,7,59,11,11.00646149,-1.035176681,5.941822603,-2.272943,0.430678,9.014617,-0.919432,10.69444,0.1104763,0.007870091,-0.0289121,0.133475
15:59:12,7,59,11,11.00646149,-1.035176681,5.941822603,-2.272943,0.430678,9.014617,-0.919432,10.69444,0.08517298,0.007870091,-0.0289121,0.1330704
15:59:12,7,59,11,11.03313537,-1.119888445,5.941822603,-3.182755,0.6459501,9.044392,-0.9266735,5.177791,0.000152103,-0.03912275,-0.04160014,0.1330704
15:59:12,7,59,11,11.03313537,-1.119888445,5.941822603,-3.182755,0.6459501,9.044392,-0.9266735,5.177791,0.003770633,-0.03912275,-0.04160014,0.1325967
15:59:12,7,59,11,11.06408243,-1.12834619,5.941822603,-3.182755,0.6459501,9.075894,-0.9357906,5.154907,0.004229622,-0.03715884,-0.04160014,0.1325967
15:59:12,7,59,11,11.06408243,-1.12834619,5.941822603,-3.182755,0.6459501,9.075894,-0.9357906,5.154907,0.008539221,-0.03715884,-0.04160014,0.1319238
15:59:12,7,59,11,11.10154941,-1.138692445,5.941822603,-3.182755,0.6459501,9.114052,-0.9457045,5.025459,0.01638372,-0.03488347,-0.04160014,0.1319238
15:59:12,7,59,11,11.10154941,-1.138692445,5.941822603,-3.182755,0.6459501,9.114052,-0.9457045,5.025459,0.02313647,-0.03488347,-0.04160014,0.1319238
15:59:12,7,59,12,11.13876811,-1.149085772,5.941822603,-3.182755,0.6459501,9.151976,-0.9511449,4.56882,0.0333878,-0.03266552,-0.04160014,0.1312163
15:59:12,7,59,12,11.13876811,-1.149085772,5.941822603,-3.182755,0.6459501,9.151976,-0.9511449,4.56882,0.04100386,-0.03266552,-0.04160014,0.1306304
15:59:12,7,59,12,11.1462591,-1.556142537,5.941822603,-6.348159,1.422172,9.190596,-0.9522977,-20,0.05426362,-0.009106197,-0.08902098,0.1306304
15:59:12,7,59,12,11.1462591,-1.556142537,5.941822603,-6.348159,1.422172,9.190596,-0.9522977,-20,0.0637385,-0.009106197,-0.08902098,0.1297994
15:59:12,7,59,12,11.18500211,-1.578062495,5.941822603,-6.348159,1.422172,9.232361,-0.954874,-20,0.0788177,-0.004343799,-0.08902098,0.1297994
15:59:12,7,59,12,11.18500211,-1.578062495,5.941822603,-6.348159,1.422172,9.232361,-0.954874,-20,0.08740857,-0.004343799,-0.08902098,0.1288782
15:59:12,7,59,12,11.22231033,-1.599423262,5.941822603,-6.348159,1.422172,9.27267,-0.9592823,-20,0.1011403,9.93E-05,-0.08902098,0.1288782
15:59:12,7,59,12,11.22231033,-1.599423262,5.941822603,-6.348159,1.422172,9.27267,-0.9592823,-20,0.1074366,9.93E-05,-0.08902098,0.1278532
15:59:12,7,59,12,11.26417861,-1.623689987,5.941822603,-6.348159,1.422172,9.31801,-0.9684042,-20,0.1185259,0.005068212,-0.08902098,0.1278532
15:59:13,7,59,12,11.26417861,-1.623689987,5.941822603,-6.348159,1.422172,9.31801,-0.9684042,-20,0.1211054,0.005068212,-0.08902098,0.1267649
15:59:13,7,59,12,11.29758782,-1.643277747,5.941822603,-6.348159,1.422172,9.354269,-0.9810855,-20,0.07572366,0.008742842,-0.08902098,0.1267649
15:59:13,7,59,12,11.29758782,-1.643277747,5.941822603,-6.348159,1.422172,9.354269,-0.9810855,-20,0.001792173,0.008742842,-0.08902098,0.1258297
15:59:13,7,59,12,11.31881981,-1.655829304,5.941822603,-6.348159,1.422172,9.377348,-0.9884983,-20,7.25E-06,0.01082533,-0.08902098,0.1258297
15:59:13,7,59,12,11.31881981,-1.655829304,5.941822603,-6.348159,1.422172,9.377348,-0.9884983,-20,0.001671191,0.01082533,-0.08902098,0.1247655
15:59:13,7,59,12,11.33677246,-1.666504857,5.941822603,-6.348159,1.422172,9.396884,-0.9909611,-20,-1.36E-06,0.01230685,-0.08902098,0.1247655
15:59:13,7,59,12,11.33677246,-1.666504857,5.941822603,-6.348159,1.422172,9.396884,-0.9909611,-20,1.07E-07,0.01230685,-0.08902098,0.1240294
15:59:13,7,59,12,11.3504388,-1.674670026,5.941822603,-6.348159,1.422172,9.411769,-0.9881263,-20,7.88E-05,0.01350514,-0.08902098,0.1240294
15:59:13,7,59,12,11.3504388,-1.674670026,5.941822603,-6.348159,1.422172,9.411769,-0.9881263,-20,1.11E-06,0.01350514,-0.08902098,0.1233547
15:59:13,7,59,12,11.36478209,-1.683275408,5.941822603,-6.348159,1.422172,9.427403,-0.9838903,-20,1.11E-06,0.01485736,-0.08902098,0.1233547
15:59:13,7,59,12,11.36478209,-1.683275408,5.941822603,-6.348159,1.422172,9.427403,-0.9838903,-20,1.53E-06,0.01485736,-0.08902098,0.1233547
15:59:13,7,59,13,11.37137943,-1.687245838,5.941822603,-6.348159,1.422172,9.434599,-0.9838583,-20,-1.36E-06,0.01536349,-0.08902098,0.1229297
15:59:13,7,59,13,11.37137943,-1.687245838,5.941822603,-6.348159,1.422172,9.434599,-0.9838583,-20,2.01E-06,0.01536349,-0.08902098,0.1224171
15:59:13,7,59,13,11.37327817,-1.688389982,5.941822603,-6.348159,1.422172,9.43667,-0.9877661,-20,4.61E-06,0.01511888,-0.08902098,0.1224171
15:59:13,7,59,13,11.37327817,-1.688389982,5.941822603,-6.348159,1.422172,9.43667,-0.9877661,-20,4.61E-06,0.01511888,-0.08902098,0.1219882
15:59:13,7,59,13,11.37130074,-1.68719844,5.941822603,-6.348159,1.422172,9.434513,-0.9898075,-20,-1.81E-06,0.01441101,-0.08902098,0.1219882
15:59:13,7,59,13,11.37130074,-1.68719844,5.941822603,-6.348159,1.422172,9.434513,-0.9898075,-20,7.62E-07,0.01441101,-0.08902098,0.1216047
15:59:13,7,59,13,11.3676373,-1.684992788,5.941822603,-6.348159,1.422172,9.430517,-0.9894705,-20,4.78E-07,0.01351047,-0.08902098,0.1216047
15:59:13,7,59,13,11.3676373,-1.684992788,5.941822603,-6.348159,1.422172,9.430517,-0.9894705,-20,2.01E-06,0.01351047,-0.08902098,0.121366
15:59:13,7,59,13,11.36706105,-1.684646061,5.941822603,-6.348159,1.422172,9.429889,-0.9878753,-20,2.01E-06,0.01319042,-0.08902098,0.121366
15:59:14,7,59,13,11.36706105,-1.684646061,5.941822603,-6.348159,1.422172,9.429889,-0.9878753,-20,1.11E-06,0.01319042,-0.08902098,0.1211352
15:59:14,7,59,13,11.36598019,-1.68399588,5.941822603,-6.348159,1.422172,9.42871,-0.9874936,-20,1.11E-06,0.01280706,-0.08902098,0.1211352
15:59:14,7,59,13,11.36598019,-1.68399588,5.941822603,-6.348159,1.422172,9.42871,-0.9874936,-20,1.53E-06,0.01280706,-0.08902098,0.1209111
15:59:14,7,59,13,11.3654756,-1.683692415,5.941822603,-6.348159,1.422172,9.42816,-0.9893305,-20,1.11E-06,0.01251171,-0.08902098,0.1209111
15:59:14,7,59,13,11.3654756,-1.683692415,5.941822603,-6.348159,1.422172,9.42816,-0.9893305,-20,5.42E-06,0.01251171,-0.08902098,0.1207298
15:59:14,7,59,13,11.36651363,-1.684316741,5.941822603,-6.348159,1.422172,9.429292,-0.990581,-20,5.42E-06,0.01247689,-0.08902098,0.1207298
15:59:14,7,59,13,11.36651363,-1.684316741,5.941822603,-6.348159,1.422172,9.429292,-0.990581,-20,5.42E-06,0.01247689,-0.08902098,0.1204882
15:59:14,7,59,13,11.36696311,-1.684587138,5.941822603,-6.348159,1.422172,9.429782,-0.9902812,-20,3.86E-06,0.01229879,-0.08902098,0.1204882
15:59:14,7,59,13,11.36696311,-1.684587138,5.941822603,-6.348159,1.422172,9.429782,-0.9902812,-20,9.34E-06,0.01229879,-0.08902098,0.1203388
15:59:14,7,59,13,11.36665442,-1.684401434,5.941822603,-6.348159,1.422172,9.429445,-0.9889589,-20,-2.33E-06,0.01210578,-0.08902098,0.1203388
15:59:14,7,59,13,11.36665442,-1.684401434,5.941822603,-6.348159,1.422172,9.429445,-0.9889589,-20,1.53E-06,0.01210578,-0.08902098,0.1203388
15:59:14,7,59,14,11.36574408,-1.683853873,5.941822603,-6.348159,1.422172,9.428452,-0.9899786,-20,1.53E-06,0.01182322,-0.08902098,0.1201847
15:59:14,7,59,14,11.36574408,-1.683853873,5.941822603,-6.348159,1.422172,9.428452,-0.9899786,-20,1.11E-06,0.01182322,-0.08902098,0.1201279
15:59:14,7,59,14,11.36614285,-1.684093712,5.941822603,-6.348159,1.422172,9.428887,-0.9912096,-20,7.62E-07,0.01182269,-0.08902098,0.1201279
15:59:14,7,59,14,11.36614285,-1.684093712,5.941822603,-6.348159,1.422172,9.428887,-0.9912096,-20,1.53E-06,0.01182269,-0.08902098,0.1200574
15:59:14,7,59,14,11.36734524,-1.684817051,5.941822603,-6.348159,1.422172,9.430199,-0.987592,-20,4.61E-06,0.01192202,-0.08902098,0.1200574
15:59:14,7,59,14,11.36734524,-1.684817051,5.941822603,-6.348159,1.422172,9.430199,-0.987592,-20,3.18E-06,0.01192202,-0.08902098,0.1199424
15:59:14,7,59,14,11.3670593,-1.684645009,5.941822603,-6.348159,1.422172,9.429887,-0.9864352,-20,4.61E-06,0.01176656,-0.08902098,0.1199424
15:59:14,7,59,14,11.3670593,-1.684645009,5.941822603,-6.348159,1.422172,9.429887,-0.9864352,-20,3.86E-06,0.01176656,-0.08902098,0.1198405
15:59:14,7,59,14,11.36644455,-1.684275185,5.941822603,-6.348159,1.422172,9.429216,-0.9883086,-20,7.25E-06,0.01157794,-0.08902098,0.1198405
15:59:14,7,59,14,11.36644455,-1.684275185,5.941822603,-6.348159,1.422172,9.429216,-0.9883086,-20,2.01E-06,0.01157794,-0.08902098,0.1197682
15:59:14,7,59,14,11.36659059,-1.684363033,5.941822603,-6.348159,1.422172,9.429376,-0.9876707,-20,1.53E-06,0.01152628,-0.08902098,0.1197682
15:59:15,7,59,14,11.36659059,-1.684363033,5.941822603,-6.348159,1.422172,9.429376,-0.9876707,-20,1.53E-06,0.01152628,-0.08902098,0.1198301
15:59:15,7,59,14,11.36559366,-1.683763413,5.941822603,-6.348159,1.422172,9.428288,-0.9889901,-20,1.53E-06,0.01144745,-0.08902098,0.1198301
15:59:15,7,59,14,11.36559366,-1.683763413,5.941822603,-6.348159,1.422172,9.428288,-0.9889901,-20,2.56E-06,0.01144745,-0.08902098,0.1197891
15:59:15,7,59,14,11.36609038,-1.684062153,5.941822603,-6.348159,1.422172,9.42883,-0.988885,-20,1.53E-06,0.01147654,-0.08902098,0.1197891
15:59:15,7,59,14,11.36609038,-1.684062153,5.941822603,-6.348159,1.422172,9.42883,-0.988885,-20,2.56E-06,0.01147654,-0.08902098,0.1197265
15:59:15,7,59,14,11.36658097,-1.684357246,5.941822603,-6.348159,1.422172,9.429365,-0.9890306,-20,1.53E-06,0.0114832,-0.08902098,0.1197265
15:59:15,7,59,14,11.36658097,-1.684357246,5.941822603,-6.348159,1.422172,9.429365,-0.9890306,-20,3.86E-06,0.0114832,-0.08902098,0.1196444
15:59:15,7,59,14,11.36664131,-1.684393543,5.941822603,-6.348159,1.422172,9.429431,-0.9895153,-20,4.61E-06,0.01140956,-0.08902098,0.1196444
15:59:15,7,59,14,11.36664131,-1.684393543,5.941822603,-6.348159,1.422172,9.429431,-0.9895153,-20,7.25E-06,0.01140956,-0.08902098,0.1196444
15:59:15,7,59,15,11.36566799,-1.683808117,5.941822603,-6.348159,1.422172,9.42837,-0.9850138,-20,5.42E-06,0.01124538,-0.08902098,0.1196176
15:59:15,7,59,15,11.36566799,-1.683808117,5.941822603,-6.348159,1.422172,9.42837,-0.9850138,-20,1.05E-05,0.01124538,-0.08902098,0.1196356
15:59:15,7,59,15,11.36473836,-1.683249117,5.941822603,-6.348159,1.422172,9.427356,-0.9859093,-20,2.01E-06,0.01113213,-0.08902098,0.1196356
15:59:15,7,59,15,11.36473836,-1.683249117,5.941822603,-6.348159,1.422172,9.427356,-0.9859093,-20,2.56E-06,0.01113213,-0.08902098,0.1196861
15:59:15,7,59,15,11.36427571,-1.682970978,5.941822603,-6.348159,1.422172,9.426851,-0.9863152,-20,3.18E-06,0.01111722,-0.08902098,0.1196861
15:59:15,7,59,15,11.36427571,-1.682970978,5.941822603,-6.348159,1.422172,9.426851,-0.9863152,-20,1.11E-06,0.01111722,-0.08902098,0.1196693
15:59:15,7,59,15,11.36484768,-1.683314844,5.941822603,-6.348159,1.422172,9.427475,-0.9872526,-20,2.56E-06,0.01118127,-0.08902098,0.1196693
15:59:15,7,59,15,11.36484768,-1.683314844,5.941822603,-6.348159,1.422172,9.427475,-0.9872526,-20,1.53E-06,0.01118127,-0.08902098,0.1196311
15:59:15,7,59,15,11.36500422,-1.683408969,5.941822603,-6.348159,1.422172,9.427646,-0.9864356,-20,3.18E-06,0.01116515,-0.08902098,0.1196311
15:59:15,7,59,15,11.36500422,-1.683408969,5.941822603,-6.348159,1.422172,9.427646,-0.9864356,-20,5.42E-06,0.01116515,-0.08902098,0.1194513
15:59:16,7,59,15,11.36618395,-1.684118434,5.941822603,-6.348159,1.422172,9.428932,-0.9871699,-20,6.30E-06,0.0111519,-0.08902098,0.1194513
15:59:16,7,59,15,11.36618395,-1.684118434,5.941822603,-6.348159,1.422172,9.428932,-0.9871699,-20,8.26E-06,0.0111519,-0.08902098,0.1193754
15:59:16,7,59,15,11.36576856,-1.683868599,5.941822603,-6.348159,1.422172,9.428479,-0.987284,-20,8.26E-06,0.01101735,-0.08902098,0.1193754
15:59:16,7,59,15,11.36576856,-1.683868599,5.941822603,-6.348159,1.422172,9.428479,-0.987284,-20,3.86E-06,0.01101735,-0.08902098,0.1194754
15:59:16,7,59,15,11.36494825,-1.683375315,5.941822603,-6.348159,1.422172,9.427585,-0.986893,-20,9.34E-06,0.01100157,-0.08902098,0.1194754
15:59:16,7,59,15,11.36494825,-1.683375315,5.941822603,-6.348159,1.422172,9.427585,-0.986893,-20,1.53E-06,0.01100157,-0.08902098,0.1196683
15:59:16,7,59,15,11.36467277,-1.683209681,5.941822603,-6.348159,1.422172,9.427284,-0.9871005,-20,2.56E-06,0.01115557,-0.08902098,0.1196683
15:59:16,7,59,15,11.36467277,-1.683209681,5.941822603,-6.348159,1.422172,9.427284,-0.9871005,-20,2.01E-06,0.01115557,-0.08902098,0.1196613
15:59:16,7,59,15,11.36483544,-1.683307483,5.941822603,-6.348159,1.422172,9.427462,-0.9886973,-20,2.56E-06,0.01117154,-0.08902098,0.1196613
15:59:16,7,59,15,11.36483544,-1.683307483,5.941822603,-6.348159,1.422172,9.427462,-0.9886973,-20,2.01E-06,0.01117154,-0.08902098,0.1196613
15:59:16,7,59,16,11.36512141,-1.683479433,5.941822603,-6.348159,1.422172,9.427773,-0.9889106,-20,2.01E-06,0.01121096,-0.08902098,0.1196604
15:59:16,7,59,16,11.36512141,-1.683479433,5.941822603,-6.348159,1.422172,9.427773,-0.9889106,-20,3.18E-06,0.01121096,-0.08902098,0.1196404
15:59:16,7,59,16,11.36518438,-1.683517295,5.941822603,-6.348159,1.422172,9.427842,-0.9891523,-20,3.86E-06,0.01119991,-0.08902098,0.1196404
15:59:16,7,59,16,11.36518438,-1.683517295,5.941822603,-6.348159,1.422172,9.427842,-0.9891523,-20,3.86E-06,0.01119991,-0.08902098,0.119669
15:59:16,7,59,16,11.36542488,-1.683661913,5.941822603,-6.348159,1.422172,9.428104,-0.9894922,-20,7.25E-06,0.01126249,-0.08902098,0.119669
15:59:16,7,59,16,11.36542488,-1.683661913,5.941822603,-6.348159,1.422172,9.428104,-0.9894922,-20,1.05E-05,0.01126249,-0.08902098,0.1196524
15:59:16,7,59,16,11.36512054,-1.683478907,5.941822603,-6.348159,1.422172,9.427773,-0.9899846,-20,3.18E-06,0.01120284,-0.08902098,0.1196524
15:59:16,7,59,16,11.36512054,-1.683478907,5.941822603,-6.348159,1.422172,9.427773,-0.9899846,-20,2.56E-06,0.01120284,-0.08902098,0.1194879
15:59:16,7,59,16,11.36486342,-1.683324309,5.941822603,-6.348159,1.422172,9.427492,-0.9906729,-20,2.56E-06,0.0110021,-0.08902098,0.1194879
15:59:17,7,59,16,11.36486342,-1.683324309,5.941822603,-6.348159,1.422172,9.427492,-0.9906729,-20,3.18E-06,0.0110021,-0.08902098,0.1195763
15:59:17,7,59,16,11.36421711,-1.682935753,5.941822603,-6.348159,1.422172,9.426787,-0.9912009,-20,1.53E-06,0.01099924,-0.08902098,0.1195763
15:59:17,7,59,16,11.36421711,-1.682935753,5.941822603,-6.348159,1.422172,9.426787,-0.9912009,-20,2.56E-06,0.01099924,-0.08902098,0.1196252
15:59:17,7,59,16,11.36463429,-1.683186546,5.941822603,-6.348159,1.422172,9.427242,-0.9909907,-20,2.01E-06,0.01110703,-0.08902098,0.1196252
15:59:17,7,59,16,11.36463429,-1.683186546,5.941822603,-6.348159,1.422172,9.427242,-0.9909907,-20,1.11E-06,0.01110703,-0.08902098,0.1197267
15:59:17,7,59,16,11.3649465,-1.683374263,5.941822603,-6.348159,1.422172,9.427583,-0.9904075,-20,4.61E-06,0.01125257,-0.08902098,0.1197267
15:59:17,7,59,16,11.3649465,-1.683374263,5.941822603,-6.348159,1.422172,9.427583,-0.9904075,-20,3.18E-06,0.01125257,-0.08902098,0.1197432
15:59:17,7,59,16,11.36559454,-1.683763939,5.941822603,-6.348159,1.422172,9.428289,-0.9908403,-20,7.25E-06,0.01136063,-0.08902098,0.1197432
15:59:17,7,59,16,11.36559454,-1.683763939,5.941822603,-6.348159,1.422172,9.428289,-0.9908403,-20,6.30E-06,0.01136063,-0.08902098,0.1197104
15:59:17,7,59,16,11.36541526,-1.683656128,5.941822603,-6.348159,1.422172,9.428094,-0.9921593,-20,7.25E-06,0.01130251,-0.08902098,0.1197104
15:59:17,7,59,17,11.36541526,-1.683656128,5.941822603,-6.348159,1.422172,9.428094,-0.9921593,-20,3.86E-06,0.01130251,-0.08902098,0.119764
15:59:17,7,59,17,11.36502259,-1.683420011,5.941822603,-6.348159,1.422172,9.427666,-0.9913476,-20,2.56E-06,0.01130058,-0.08902098,0.119764
15:59:17,7,59,17,11.36502259,-1.683420011,5.941822603,-6.348159,1.422172,9.427666,-0.9913476,-20,3.86E-06,0.01130058,-0.08902098,0.119819
15:59:17,7,59,17,11.36469026,-1.683220198,5.941822603,-6.348159,1.422172,9.427303,-0.9912702,-20,3.18E-06,0.0113087,-0.08902098,0.119819
15:59:17,7,59,17,11.36469026,-1.683220198,5.941822603,-6.348159,1.422172,9.427303,-0.9912702,-20,2.56E-06,0.0113087,-0.08902098,0.1198565
15:59:17,7,59,17,11.36459843,-1.683164989,5.941822603,-6.348159,1.422172,9.427203,-0.9925528,-20,1.53E-06,0.01133327,-0.08902098,0.1198565
15:59:17,7,59,17,11.36459843,-1.683164989,5.941822603,-6.348159,1.422172,9.427203,-0.9925528,-20,1.53E-06,0.01133327,-0.08902098,0.1199574
15:59:17,7,59,17,11.36428533,-1.682976762,5.941822603,-6.348159,1.422172,9.426862,-0.9917219,-20,4.61E-06,0.01138999,-0.08902098,0.1199574
15:59:17,7,59,17,11.36428533,-1.682976762,5.941822603,-6.348159,1.422172,9.426862,-0.9917219,-20,4.61E-06,0.01138999,-0.08902098,0.1200039
15:59:17,7,59,17,11.36458968,-1.683159731,5.941822603,-6.348159,1.422172,9.427194,-0.991919,-20,6.30E-06,0.01147941,-0.08902098,0.1200039
15:59:17,7,59,17,11.36458968,-1.683159731,5.941822603,-6.348159,1.422172,9.427194,-0.991919,-20,6.30E-06,0.01147941,-0.08902098,0.1198076
15:59:18,7,59,17,11.36512754,-1.683483114,5.941822603,-6.348159,1.422172,9.42778,-0.9931159,-20,7.25E-06,0.0113591,-0.08902098,0.1198076
15:59:18,7,59,17,11.36512754,-1.683483114,5.941822603,-6.348159,1.422172,9.42778,-0.9931159,-20,5.42E-06,0.0113591,-0.08902098,0.1197111
15:59:18,7,59,17,11.36573446,-1.683848087,5.941822603,-6.348159,1.422172,9.428442,-0.9929661,-20,4.61E-06,0.01134825,-0.08902098,0.1197111
15:59:18,7,59,17,11.36573446,-1.683848087,5.941822603,-6.348159,1.422172,9.428442,-0.9929661,-20,3.86E-06,0.01134825,-0.08902098,0.1197367
15:59:18,7,59,17,11.36466227,-1.683203372,5.941822603,-6.348159,1.422172,9.427273,-0.9933857,-20,3.18E-06,0.01122241,-0.08902098,0.1197367
15:59:18,7,59,17,11.36466227,-1.683203372,5.941822603,-6.348159,1.422172,9.427273,-0.9933857,-20,2.01E-06,0.01122241,-0.08902098,0.1197549
15:59:18,7,59,17,11.36512841,-1.68348364,5.941822603,-6.348159,1.422172,9.427781,-0.9939018,-20,3.18E-06,0.0113065,-0.08902098,0.1197549
15:59:18,7,59,17,11.36512841,-1.68348364,5.941822603,-6.348159,1.422172,9.427781,-0.9939018,-20,2.56E-06,0.0113065,-0.08902098,0.1195877
15:59:18,7,59,17,11.36611049,-1.684074251,5.941822603,-6.348159,1.422172,9.428852,-0.9934233,-20,2.56E-06,0.01127794,-0.08902098,0.1195877
15:59:18,7,59,17,11.36611049,-1.684074251,5.941822603,-6.348159,1.422172,9.428852,-0.9934233,-20,3.86E-06,0.01127794,-0.08902098,0.1195877
15:59:18,7,59,18,11.36590149,-1.683948543,5.941822603,-6.348159,1.422172,9.428624,-0.9940331,-20,3.18E-06,0.01124105,-0.08902098,0.1195803
15:59:18,7,59,18,11.36590149,-1.683948543,5.941822603,-6.348159,1.422172,9.428624,-0.9940331,-20,3.86E-06,0.01124105,-0.08902098,0.1195321
15:59:18,7,59,18,11.36590674,-1.683951699,5.941822603,-6.348159,1.422172,9.42863,-0.9938474,-20,5.42E-06,0.01119365,-0.08902098,0.1195321
15:59:18,7,59,18,11.36590674,-1.683951699,5.941822603,-6.348159,1.422172,9.42863,-0.9938474,-20,7.25E-06,0.01119365,-0.08902098,0.11935
15:59:18,7,59,18,11.36572309,-1.68384125,5.941822603,-6.348159,1.422172,9.42843,-0.9950625,-20,3.86E-06,0.01098552,-0.08902098,0.11935
15:59:18,7,59,18,11.36572309,-1.68384125,5.941822603,-6.348159,1.422172,9.42843,-0.9950625,-20,1.53E-06,0.01098552,-0.08902098,0.1193842
15:59:18,7,59,18,11.36536803,-1.68362773,5.941822603,-6.348159,1.422172,9.428042,-0.9954867,-20,1.11E-06,0.01096961,-0.08902098,0.1193842
15:59:18,7,59,18,11.36536803,-1.68362773,5.941822603,-6.348159,1.422172,9.428042,-0.9954867,-20,2.01E-06,0.01096961,-0.08902098,0.11945
15:59:18,7,59,18,11.36511792,-1.683477329,5.941822603,-6.348159,1.422172,9.42777,-0.9962056,-20,2.01E-06,0.01100004,-0.08902098,0.11945
15:59:18,7,59,18,11.36511792,-1.683477329,5.941822603,-6.348159,1.422172,9.42777,-0.9962056,-20,2.56E-06,0.01100004,-0.08902098,0.1193895
15:59:19,7,59,18,11.36562602,-1.683782872,5.941822603,-6.348159,1.422172,9.428324,-0.9947112,-20,1.53E-06,0.01101136,-0.08902098,0.1193895
15:59:19,7,59,18,11.36562602,-1.683782872,5.941822603,-6.348159,1.422172,9.428324,-0.9947112,-20,3.18E-06,0.01101136,-0.08902098,0.1193444
15:59:19,7,59,18,11.36531119,-1.683593547,5.941822603,-6.348159,1.422172,9.42798,-0.9969445,-20,3.86E-06,0.01092174,-0.08902098,0.1193444
15:59:19,7,59,18,11.36531119,-1.683593547,5.941822603,-6.348159,1.422172,9.42798,-0.9969445,-20,3.86E-06,0.01092174,-0.08902098,0.1192783
15:59:19,7,59,18,11.36563914,-1.683790761,5.941822603,-6.348159,1.422172,9.428338,-0.9966375,-20,3.86E-06,0.01090203,-0.08902098,0.1192783
15:59:19,7,59,18,11.36563914,-1.683790761,5.941822603,-6.348159,1.422172,9.428338,-0.9966375,-20,8.26E-06,0.01090203,-0.08902098,0.1192506
15:59:19,7,59,18,11.36552545,-1.683722392,5.941822603,-6.348159,1.422172,9.428214,-0.9967888,-20,6.30E-06,0.01085829,-0.08902098,0.1192506
15:59:19,7,59,18,11.36552545,-1.683722392,5.941822603,-6.348159,1.422172,9.428214,-0.9967888,-20,3.86E-06,0.01085829,-0.08902098,0.1192855
15:59:19,7,59,18,11.36650489,-1.684311481,5.941822603,-6.348159,1.422172,9.429282,-0.9864087,-20,-2.33E-06,0.01103146,-0.08902098,0.1192855
15:59:19,7,59,18,11.36650489,-1.684311481,5.941822603,-6.348159,1.422172,9.429282,-0.9864087,-20,2.01E-06,0.01103146,-0.08902098,0.1192855
15:59:19,7,59,19,11.36618045,-1.68411633,5.941822603,-6.348159,1.422172,9.428928,-0.9876844,-20,2.01E-06,0.01105863,-0.08902098,0.1193585
15:59:19,7,59,19,11.36618045,-1.68411633,5.941822603,-6.348159,1.422172,9.428928,-0.9876844,-20,2.56E-06,0.01105863,-0.08902098,0.1194739
15:59:19,7,59,19,11.36574233,-1.683852821,5.941822603,-6.348159,1.422172,9.428451,-0.9872765,-20,2.01E-06,0.01111216,-0.08902098,0.1194739
15:59:19,7,59,19,11.36574233,-1.683852821,5.941822603,-6.348159,1.422172,9.428451,-0.9872765,-20,1.11E-06,0.01111216,-0.08902098,0.119448
15:59:19,7,59,19,11.36629589,-1.684185762,5.941822603,-6.348159,1.422172,9.429054,-0.9880787,-20,2.01E-06,0.01116435,-0.08902098,0.119448
15:59:19,7,59,19,11.36629589,-1.684185762,5.941822603,-6.348159,1.422172,9.429054,-0.9880787,-20,2.56E-06,0.01116435,-0.08902098,0.1193972
15:59:19,7,59,19,11.36606677,-1.684047951,5.941822603,-6.348159,1.422172,9.428804,-0.9886,-20,3.18E-06,0.01108126,-0.08902098,0.1193972
15:59:19,7,59,19,11.36606677,-1.684047951,5.941822603,-6.348159,1.422172,9.428804,-0.9886,-20,4.61E-06,0.01108126,-0.08902098,0.1193517
15:59:19,7,59,19,11.36675149,-1.684459827,5.941822603,-6.348159,1.422172,9.429551,-0.9870179,-20,3.86E-06,0.0111324,-0.08902098,0.1193517
15:59:19,7,59,19,11.36675149,-1.684459827,5.941822603,-6.348159,1.422172,9.429551,-0.9870179,-20,3.18E-06,0.0111324,-0.08902098,0.1194498
15:59:20,7,59,19,11.36674537,-1.684456144,5.941822603,-6.348159,1.422172,9.429544,-0.9882698,-20,3.18E-06,0.01122973,-0.08902098,0.1194498
15:59:20,7,59,19,11.36674537,-1.684456144,5.941822603,-6.348159,1.422172,9.429544,-0.9882698,-20,-2.33E-06,0.01122973,-0.08902098,0.1195317
15:59:20,7,59,19,11.3665696,-1.684350408,5.941822603,-6.348159,1.422172,9.429353,-0.9884819,-20,3.18E-06,0.01128679,-0.08902098,0.1195317
15:59:20,7,59,19,11.3665696,-1.684350408,5.941822603,-6.348159,1.422172,9.429353,-0.9884819,-20,2.01E-06,0.01128679,-0.08902098,0.1193155
15:59:20,7,59,19,11.36621281,-1.684135791,5.941822603,-6.348159,1.422172,9.428964,-0.9893441,-20,3.18E-06,0.01102014,-0.08902098,0.1193155
15:59:20,7,59,19,11.36621281,-1.684135791,5.941822603,-6.348159,1.422172,9.428964,-0.9893441,-20,2.01E-06,0.01102014,-0.08902098,0.1192839
15:59:20,7,59,19,11.36575107,-1.68385808,5.941822603,-6.348159,1.422172,9.42846,-0.9900053,-20,2.56E-06,0.01092347,-0.08902098,0.1192839
15:59:20,7,59,19,11.36575107,-1.68385808,5.941822603,-6.348159,1.422172,9.42846,-0.9900053,-20,2.01E-06,0.01092347,-0.08902098,0.119259
15:59:20,7,59,19,11.36607551,-1.684053211,5.941822603,-6.348159,1.422172,9.428814,-0.9904357,-20,4.61E-06,0.01094438,-0.08902098,0.119259
15:59:20,7,59,19,11.36607551,-1.684053211,5.941822603,-6.348159,1.422172,9.428814,-0.9904357,-20,7.25E-06,0.01094438,-0.08902098,0.119259
15:59:20,7,59,20,11.36660633,-1.684372501,5.941822603,-6.348159,1.422172,9.429393,-0.9907379,-20,7.25E-06,0.01100064,-0.08902098,0.1192404
15:59:20,7,59,20,11.36660633,-1.684372501,5.941822603,-6.348159,1.422172,9.429393,-0.9907379,-20,8.26E-06,0.01100064,-0.08902098,0.1191363
15:59:20,7,59,20,11.3670488,-1.684638695,5.941822603,-6.348159,1.422172,9.429875,-0.9901013,-20,3.86E-06,0.01095896,-0.08902098,0.1191363
15:59:20,7,59,20,11.3670488,-1.684638695,5.941822603,-6.348159,1.422172,9.429875,-0.9901013,-20,2.01E-06,0.01095896,-0.08902098,0.1191645
15:59:20,7,59,20,11.36657135,-1.68435146,5.941822603,-6.348159,1.422172,9.429355,-0.9904885,-20,1.53E-06,0.01091974,-0.08902098,0.1191645
15:59:20,7,59,20,11.36657135,-1.68435146,5.941822603,-6.348159,1.422172,9.429355,-0.9904885,-20,2.01E-06,0.01091974,-0.08902098,0.1192112
15:59:20,7,59,20,11.36682232,-1.684502438,5.941822603,-6.348159,1.422172,9.429628,-0.9910788,-20,2.01E-06,0.0110019,-0.08902098,0.1192112
15:59:20,7,59,20,11.36682232,-1.684502438,5.941822603,-6.348159,1.422172,9.429628,-0.9910788,-20,2.56E-06,0.0110019,-0.08902098,0.1192231
15:59:20,7,59,20,11.36661944,-1.684380392,5.941822603,-6.348159,1.422172,9.429407,-0.991576,-20,1.53E-06,0.01098512,-0.08902098,0.1192231
15:59:20,7,59,20,11.36661944,-1.684380392,5.941822603,-6.348159,1.422172,9.429407,-0.991576,-20,3.18E-06,0.01098512,-0.08902098,0.1191493
15:59:21,7,59,20,11.36652325,-1.684322527,5.941822603,-6.348159,1.422172,9.429302,-0.9914055,-20,3.86E-06,0.01089777,-0.08902098,0.1191493
15:59:21,7,59,20,11.36652325,-1.684322527,5.941822603,-6.348159,1.422172,9.429302,-0.9914055,-20,3.18E-06,0.01089777,-0.08902098,0.1191509
15:59:21,7,59,20,11.36661944,-1.684380392,5.941822603,-6.348159,1.422172,9.429407,-0.9920198,-20,3.18E-06,0.01091295,-0.08902098,0.1191509
15:59:21,7,59,20,11.36661944,-1.684380392,5.941822603,-6.348159,1.422172,9.429407,-0.9920198,-20,6.30E-06,0.01091295,-0.08902098,0.1191038
15:59:21,7,59,20,11.36608776,-1.684060575,5.941822603,-6.348159,1.422172,9.428827,-0.9922131,-20,3.86E-06,0.01079078,-0.08902098,0.1191038
15:59:21,7,59,20,11.36608776,-1.684060575,5.941822603,-6.348159,1.422172,9.428827,-0.9922131,-20,9.34E-06,0.01079078,-0.08902098,0.1192196
15:59:21,7,59,20,11.36662207,-1.68438197,5.941822603,-6.348159,1.422172,9.42941,-0.9925824,-20,2.56E-06,0.01098206,-0.08902098,0.1192196
15:59:21,7,59,20,11.36662207,-1.68438197,5.941822603,-6.348159,1.422172,9.42941,-0.9925824,-20,1.53E-06,0.01098206,-0.08902098,0.119194
15:59:21,7,59,20,11.36665355,-1.684400908,5.941822603,-6.348159,1.422172,9.429444,-0.9889531,-20,3.86E-06,0.01096096,-0.08902098,0.119194
15:59:21,7,59,20,11.36665355,-1.684400908,5.941822603,-6.348159,1.422172,9.429444,-0.9889531,-20,2.56E-06,0.01096096,-0.08902098,0.119194
15:59:21,7,59,21,11.36702082,-1.68462186,5.941822603,-6.348159,1.422172,9.429845,-0.9898228,-20,2.56E-06,0.01091215,-0.08902098,0.1190934
